Driver,Circuit,Compound,TyreLife,LapNumber,Rainfall,FuelWeight,LapTime
VER,Abu Dhabi Grand Prix,MEDIUM,1.0,1.0,0,108.3,91.677
VER,Abu Dhabi Grand Prix,MEDIUM,2.0,2.0,0,106.6,89.117
VER,Abu Dhabi Grand Prix,MEDIUM,3.0,3.0,0,104.9,89.555
VER,Abu Dhabi Grand Prix,MEDIUM,4.0,4.0,0,103.2,89.563
VER,Abu Dhabi Grand Prix,MEDIUM,5.0,5.0,0,101.5,89.695
VER,Abu Dhabi Grand Prix,MEDIUM,6.0,6.0,0,99.8,89.772
VER,Abu Dhabi Grand Prix,MEDIUM,7.0,7.0,0,98.1,89.744
VER,Abu Dhabi Grand Prix,MEDIUM,8.0,8.0,0,96.4,89.601
VER,Abu Dhabi Grand Prix,MEDIUM,9.0,9.0,0,94.7,89.413
VER,Abu Dhabi Grand Prix,MEDIUM,10.0,10.0,0,93.0,89.465
VER,Abu Dhabi Grand Prix,MEDIUM,11.0,11.0,0,91.3,89.538
VER,Abu Dhabi Grand Prix,MEDIUM,12.0,12.0,0,89.6,89.543
VER,Abu Dhabi Grand Prix,MEDIUM,13.0,13.0,0,87.9,89.633
VER,Abu Dhabi Grand Prix,MEDIUM,14.0,14.0,0,86.2,89.526
VER,Abu Dhabi Grand Prix,MEDIUM,15.0,15.0,0,84.5,89.703
VER,Abu Dhabi Grand Prix,MEDIUM,16.0,16.0,0,82.8,89.46
VER,Abu Dhabi Grand Prix,MEDIUM,17.0,17.0,0,81.1,89.578
VER,Abu Dhabi Grand Prix,MEDIUM,18.0,18.0,0,79.4,89.596
VER,Abu Dhabi Grand Prix,MEDIUM,19.0,19.0,0,77.7,89.614
VER,Abu Dhabi Grand Prix,MEDIUM,20.0,20.0,0,76.0,89.557
VER,Abu Dhabi Grand Prix,MEDIUM,21.0,21.0,0,74.30000000000001,89.441
VER,Abu Dhabi Grand Prix,MEDIUM,22.0,22.0,0,72.6,89.243
VER,Abu Dhabi Grand Prix,MEDIUM,23.0,23.0,0,70.9,91.365
VER,Abu Dhabi Grand Prix,HARD,2.0,25.0,0,67.5,88.693
VER,Abu Dhabi Grand Prix,HARD,3.0,26.0,0,65.80000000000001,88.312
VER,Abu Dhabi Grand Prix,HARD,4.0,27.0,0,64.1,88.327
VER,Abu Dhabi Grand Prix,HARD,5.0,28.0,0,62.4,88.371
VER,Abu Dhabi Grand Prix,HARD,6.0,29.0,0,60.7,88.003
VER,Abu Dhabi Grand Prix,HARD,7.0,30.0,0,59.0,88.049
VER,Abu Dhabi Grand Prix,HARD,8.0,31.0,0,57.300000000000004,87.844
VER,Abu Dhabi Grand Prix,HARD,9.0,32.0,0,55.6,87.801
VER,Abu Dhabi Grand Prix,HARD,10.0,33.0,0,53.9,87.909
VER,Abu Dhabi Grand Prix,HARD,11.0,34.0,0,52.2,87.924
VER,Abu Dhabi Grand Prix,HARD,12.0,35.0,0,50.5,87.981
VER,Abu Dhabi Grand Prix,HARD,13.0,36.0,0,48.800000000000004,87.81
VER,Abu Dhabi Grand Prix,HARD,14.0,37.0,0,47.1,87.745
VER,Abu Dhabi Grand Prix,HARD,15.0,38.0,0,45.400000000000006,87.751
VER,Abu Dhabi Grand Prix,HARD,16.0,39.0,0,43.7,87.625
VER,Abu Dhabi Grand Prix,HARD,17.0,40.0,0,42.0,88.142
VER,Abu Dhabi Grand Prix,HARD,18.0,41.0,0,40.3,87.973
VER,Abu Dhabi Grand Prix,HARD,19.0,42.0,0,38.60000000000001,88.22
VER,Abu Dhabi Grand Prix,HARD,20.0,43.0,0,36.900000000000006,87.935
VER,Abu Dhabi Grand Prix,HARD,21.0,44.0,0,35.2,87.893
VER,Abu Dhabi Grand Prix,HARD,22.0,45.0,0,33.5,87.752
VER,Abu Dhabi Grand Prix,HARD,23.0,46.0,0,31.799999999999997,87.961
VER,Abu Dhabi Grand Prix,HARD,24.0,47.0,0,30.10000000000001,87.871
VER,Abu Dhabi Grand Prix,HARD,25.0,48.0,0,28.400000000000006,87.818
VER,Abu Dhabi Grand Prix,HARD,26.0,49.0,0,26.700000000000003,87.75
VER,Abu Dhabi Grand Prix,HARD,27.0,50.0,0,25.0,87.986
VER,Abu Dhabi Grand Prix,HARD,28.0,51.0,0,23.299999999999997,87.983
VER,Abu Dhabi Grand Prix,HARD,29.0,52.0,0,21.60000000000001,88.455
VER,Abu Dhabi Grand Prix,HARD,30.0,53.0,0,19.900000000000006,88.395
VER,Abu Dhabi Grand Prix,HARD,31.0,54.0,0,18.200000000000003,88.175
VER,Abu Dhabi Grand Prix,HARD,32.0,55.0,0,16.5,88.817
VER,Abu Dhabi Grand Prix,HARD,33.0,56.0,0,14.799999999999997,88.621
VER,Abu Dhabi Grand Prix,HARD,34.0,57.0,0,13.100000000000009,88.782
VER,Abu Dhabi Grand Prix,HARD,35.0,58.0,0,11.400000000000006,88.473
PIA,Abu Dhabi Grand Prix,HARD,2.0,2.0,0,106.6,89.814
PIA,Abu Dhabi Grand Prix,HARD,3.0,3.0,0,104.9,89.525
PIA,Abu Dhabi Grand Prix,HARD,4.0,4.0,0,103.2,89.926
PIA,Abu Dhabi Grand Prix,HARD,5.0,5.0,0,101.5,89.758
PIA,Abu Dhabi Grand Prix,HARD,6.0,6.0,0,99.8,89.787
PIA,Abu Dhabi Grand Prix,HARD,7.0,7.0,0,98.1,89.568
PIA,Abu Dhabi Grand Prix,HARD,8.0,8.0,0,96.4,89.496
PIA,Abu Dhabi Grand Prix,HARD,9.0,9.0,0,94.7,89.571
PIA,Abu Dhabi Grand Prix,HARD,10.0,10.0,0,93.0,89.468
PIA,Abu Dhabi Grand Prix,HARD,11.0,11.0,0,91.3,89.466
PIA,Abu Dhabi Grand Prix,HARD,12.0,12.0,0,89.6,89.492
PIA,Abu Dhabi Grand Prix,HARD,13.0,13.0,0,87.9,89.261
PIA,Abu Dhabi Grand Prix,HARD,14.0,14.0,0,86.2,89.625
PIA,Abu Dhabi Grand Prix,HARD,15.0,15.0,0,84.5,89.536
PIA,Abu Dhabi Grand Prix,HARD,16.0,16.0,0,82.8,89.681
PIA,Abu Dhabi Grand Prix,HARD,17.0,17.0,0,81.1,89.535
PIA,Abu Dhabi Grand Prix,HARD,18.0,18.0,0,79.4,89.557
PIA,Abu Dhabi Grand Prix,HARD,19.0,19.0,0,77.7,89.598
PIA,Abu Dhabi Grand Prix,HARD,20.0,20.0,0,76.0,89.892
PIA,Abu Dhabi Grand Prix,HARD,21.0,21.0,0,74.30000000000001,89.584
PIA,Abu Dhabi Grand Prix,HARD,22.0,22.0,0,72.6,89.503
PIA,Abu Dhabi Grand Prix,HARD,23.0,23.0,0,70.9,89.515
PIA,Abu Dhabi Grand Prix,HARD,24.0,24.0,0,69.2,89.435
PIA,Abu Dhabi Grand Prix,HARD,25.0,25.0,0,67.5,89.261
PIA,Abu Dhabi Grand Prix,HARD,26.0,26.0,0,65.80000000000001,89.492
PIA,Abu Dhabi Grand Prix,HARD,27.0,27.0,0,64.1,89.299
PIA,Abu Dhabi Grand Prix,HARD,28.0,28.0,0,62.4,89.004
PIA,Abu Dhabi Grand Prix,HARD,29.0,29.0,0,60.7,88.927
PIA,Abu Dhabi Grand Prix,HARD,30.0,30.0,0,59.0,89.119
PIA,Abu Dhabi Grand Prix,HARD,31.0,31.0,0,57.300000000000004,88.983
PIA,Abu Dhabi Grand Prix,HARD,32.0,32.0,0,55.6,89.001
PIA,Abu Dhabi Grand Prix,HARD,33.0,33.0,0,53.9,89.002
PIA,Abu Dhabi Grand Prix,HARD,34.0,34.0,0,52.2,89.313
PIA,Abu Dhabi Grand Prix,HARD,35.0,35.0,0,50.5,89.177
PIA,Abu Dhabi Grand Prix,HARD,36.0,36.0,0,48.800000000000004,89.009
PIA,Abu Dhabi Grand Prix,HARD,37.0,37.0,0,47.1,89.126
PIA,Abu Dhabi Grand Prix,HARD,38.0,38.0,0,45.400000000000006,89.106
PIA,Abu Dhabi Grand Prix,HARD,39.0,39.0,0,43.7,89.26
PIA,Abu Dhabi Grand Prix,HARD,40.0,40.0,0,42.0,89.388
PIA,Abu Dhabi Grand Prix,HARD,41.0,41.0,0,40.3,92.723
PIA,Abu Dhabi Grand Prix,MEDIUM,2.0,43.0,0,36.900000000000006,87.369
PIA,Abu Dhabi Grand Prix,MEDIUM,3.0,44.0,0,35.2,86.765
PIA,Abu Dhabi Grand Prix,MEDIUM,4.0,45.0,0,33.5,87.392
PIA,Abu Dhabi Grand Prix,MEDIUM,5.0,46.0,0,31.799999999999997,86.965
PIA,Abu Dhabi Grand Prix,MEDIUM,6.0,47.0,0,30.10000000000001,86.994
PIA,Abu Dhabi Grand Prix,MEDIUM,7.0,48.0,0,28.400000000000006,87.022
PIA,Abu Dhabi Grand Prix,MEDIUM,8.0,49.0,0,26.700000000000003,87.112
PIA,Abu Dhabi Grand Prix,MEDIUM,9.0,50.0,0,25.0,87.039
PIA,Abu Dhabi Grand Prix,MEDIUM,10.0,51.0,0,23.299999999999997,87.312
PIA,Abu Dhabi Grand Prix,MEDIUM,11.0,52.0,0,21.60000000000001,87.498
PIA,Abu Dhabi Grand Prix,MEDIUM,12.0,53.0,0,19.900000000000006,87.527
PIA,Abu Dhabi Grand Prix,MEDIUM,13.0,54.0,0,18.200000000000003,87.744
PIA,Abu Dhabi Grand Prix,MEDIUM,14.0,55.0,0,16.5,87.79
PIA,Abu Dhabi Grand Prix,MEDIUM,15.0,56.0,0,14.799999999999997,87.998
PIA,Abu Dhabi Grand Prix,MEDIUM,16.0,57.0,0,13.100000000000009,88.406
PIA,Abu Dhabi Grand Prix,MEDIUM,17.0,58.0,0,11.400000000000006,88.074
NOR,Abu Dhabi Grand Prix,MEDIUM,2.0,2.0,0,106.6,89.893
NOR,Abu Dhabi Grand Prix,MEDIUM,3.0,3.0,0,104.9,89.86
NOR,Abu Dhabi Grand Prix,MEDIUM,4.0,4.0,0,103.2,89.841
NOR,Abu Dhabi Grand Prix,MEDIUM,5.0,5.0,0,101.5,89.818
NOR,Abu Dhabi Grand Prix,MEDIUM,6.0,6.0,0,99.8,89.82
NOR,Abu Dhabi Grand Prix,MEDIUM,7.0,7.0,0,98.1,89.817
NOR,Abu Dhabi Grand Prix,MEDIUM,8.0,8.0,0,96.4,89.51
NOR,Abu Dhabi Grand Prix,MEDIUM,9.0,9.0,0,94.7,89.527
NOR,Abu Dhabi Grand Prix,MEDIUM,10.0,10.0,0,93.0,89.635
NOR,Abu Dhabi Grand Prix,MEDIUM,11.0,11.0,0,91.3,89.821
NOR,Abu Dhabi Grand Prix,MEDIUM,12.0,12.0,0,89.6,89.682
NOR,Abu Dhabi Grand Prix,MEDIUM,13.0,13.0,0,87.9,89.745
NOR,Abu Dhabi Grand Prix,MEDIUM,14.0,14.0,0,86.2,90.061
NOR,Abu Dhabi Grand Prix,MEDIUM,15.0,15.0,0,84.5,89.59
NOR,Abu Dhabi Grand Prix,MEDIUM,16.0,16.0,0,82.8,91.722
NOR,Abu Dhabi Grand Prix,HARD,2.0,18.0,0,79.4,89.958
NOR,Abu Dhabi Grand Prix,HARD,3.0,19.0,0,77.7,89.681
NOR,Abu Dhabi Grand Prix,HARD,4.0,20.0,0,76.0,89.528
NOR,Abu Dhabi Grand Prix,HARD,5.0,21.0,0,74.30000000000001,89.133
NOR,Abu Dhabi Grand Prix,HARD,6.0,22.0,0,72.6,88.983
NOR,Abu Dhabi Grand Prix,HARD,7.0,23.0,0,70.9,88.828
NOR,Abu Dhabi Grand Prix,HARD,8.0,24.0,0,69.2,88.875
NOR,Abu Dhabi Grand Prix,HARD,9.0,25.0,0,67.5,88.355
NOR,Abu Dhabi Grand Prix,HARD,10.0,26.0,0,65.80000000000001,88.486
NOR,Abu Dhabi Grand Prix,HARD,11.0,27.0,0,64.1,87.998
NOR,Abu Dhabi Grand Prix,HARD,12.0,28.0,0,62.4,88.202
NOR,Abu Dhabi Grand Prix,HARD,13.0,29.0,0,60.7,88.132
NOR,Abu Dhabi Grand Prix,HARD,14.0,30.0,0,59.0,88.066
NOR,Abu Dhabi Grand Prix,HARD,15.0,31.0,0,57.300000000000004,88.153
NOR,Abu Dhabi Grand Prix,HARD,16.0,32.0,0,55.6,88.374
NOR,Abu Dhabi Grand Prix,HARD,17.0,33.0,0,53.9,88.081
NOR,Abu Dhabi Grand Prix,HARD,18.0,34.0,0,52.2,88.108
NOR,Abu Dhabi Grand Prix,HARD,19.0,35.0,0,50.5,87.971
NOR,Abu Dhabi Grand Prix,HARD,20.0,36.0,0,48.800000000000004,87.841
NOR,Abu Dhabi Grand Prix,HARD,21.0,37.0,0,47.1,87.814
NOR,Abu Dhabi Grand Prix,HARD,22.0,38.0,0,45.400000000000006,87.998
NOR,Abu Dhabi Grand Prix,HARD,23.0,39.0,0,43.7,88.068
NOR,Abu Dhabi Grand Prix,HARD,24.0,40.0,0,42.0,90.069
NOR,Abu Dhabi Grand Prix,HARD,2.0,42.0,0,38.60000000000001,88.191
NOR,Abu Dhabi Grand Prix,HARD,3.0,43.0,0,36.900000000000006,87.829
NOR,Abu Dhabi Grand Prix,HARD,4.0,44.0,0,35.2,86.834
NOR,Abu Dhabi Grand Prix,HARD,5.0,45.0,0,33.5,86.953
NOR,Abu Dhabi Grand Prix,HARD,6.0,46.0,0,31.799999999999997,87.074
NOR,Abu Dhabi Grand Prix,HARD,7.0,47.0,0,30.10000000000001,86.867
NOR,Abu Dhabi Grand Prix,HARD,8.0,48.0,0,28.400000000000006,86.818
NOR,Abu Dhabi Grand Prix,HARD,9.0,49.0,0,26.700000000000003,86.907
NOR,Abu Dhabi Grand Prix,HARD,10.0,50.0,0,25.0,86.968
NOR,Abu Dhabi Grand Prix,HARD,11.0,51.0,0,23.299999999999997,87.277
NOR,Abu Dhabi Grand Prix,HARD,12.0,52.0,0,21.60000000000001,86.895
NOR,Abu Dhabi Grand Prix,HARD,13.0,53.0,0,19.900000000000006,87.08
NOR,Abu Dhabi Grand Prix,HARD,14.0,54.0,0,18.200000000000003,87.144
NOR,Abu Dhabi Grand Prix,HARD,15.0,55.0,0,16.5,87.975
NOR,Abu Dhabi Grand Prix,HARD,16.0,56.0,0,14.799999999999997,88.226
NOR,Abu Dhabi Grand Prix,HARD,17.0,57.0,0,13.100000000000009,88.435
NOR,Abu Dhabi Grand Prix,HARD,18.0,58.0,0,11.400000000000006,88.987
LEC,Abu Dhabi Grand Prix,MEDIUM,2.0,2.0,0,106.6,90.087
LEC,Abu Dhabi Grand Prix,MEDIUM,3.0,3.0,0,104.9,89.681
LEC,Abu Dhabi Grand Prix,MEDIUM,4.0,4.0,0,103.2,89.943
LEC,Abu Dhabi Grand Prix,MEDIUM,5.0,5.0,0,101.5,90.062
LEC,Abu Dhabi Grand Prix,MEDIUM,6.0,6.0,0,99.8,89.739
LEC,Abu Dhabi Grand Prix,MEDIUM,7.0,7.0,0,98.1,89.671
LEC,Abu Dhabi Grand Prix,MEDIUM,8.0,8.0,0,96.4,89.606
LEC,Abu Dhabi Grand Prix,MEDIUM,9.0,9.0,0,94.7,89.654
LEC,Abu Dhabi Grand Prix,MEDIUM,10.0,10.0,0,93.0,89.63
LEC,Abu Dhabi Grand Prix,MEDIUM,11.0,11.0,0,91.3,89.909
LEC,Abu Dhabi Grand Prix,MEDIUM,12.0,12.0,0,89.6,90.057
LEC,Abu Dhabi Grand Prix,MEDIUM,13.0,13.0,0,87.9,89.938
LEC,Abu Dhabi Grand Prix,MEDIUM,14.0,14.0,0,86.2,90.054
LEC,Abu Dhabi Grand Prix,MEDIUM,15.0,15.0,0,84.5,89.998
LEC,Abu Dhabi Grand Prix,MEDIUM,16.0,16.0,0,82.8,91.99
LEC,Abu Dhabi Grand Prix,HARD,2.0,18.0,0,79.4,89.872
LEC,Abu Dhabi Grand Prix,HARD,3.0,19.0,0,77.7,89.529
LEC,Abu Dhabi Grand Prix,HARD,4.0,20.0,0,76.0,89.256
LEC,Abu Dhabi Grand Prix,HARD,5.0,21.0,0,74.30000000000001,89.055
LEC,Abu Dhabi Grand Prix,HARD,6.0,22.0,0,72.6,88.891
LEC,Abu Dhabi Grand Prix,HARD,7.0,23.0,0,70.9,89.595
LEC,Abu Dhabi Grand Prix,HARD,8.0,24.0,0,69.2,89.019
LEC,Abu Dhabi Grand Prix,HARD,9.0,25.0,0,67.5,88.171
LEC,Abu Dhabi Grand Prix,HARD,10.0,26.0,0,65.80000000000001,88.044
LEC,Abu Dhabi Grand Prix,HARD,11.0,27.0,0,64.1,88.098
LEC,Abu Dhabi Grand Prix,HARD,12.0,28.0,0,62.4,88.149
LEC,Abu Dhabi Grand Prix,HARD,13.0,29.0,0,60.7,88.391
LEC,Abu Dhabi Grand Prix,HARD,14.0,30.0,0,59.0,88.471
LEC,Abu Dhabi Grand Prix,HARD,15.0,31.0,0,57.300000000000004,88.548
LEC,Abu Dhabi Grand Prix,HARD,16.0,32.0,0,55.6,88.854
LEC,Abu Dhabi Grand Prix,HARD,17.0,33.0,0,53.9,88.664
LEC,Abu Dhabi Grand Prix,HARD,18.0,34.0,0,52.2,88.58
LEC,Abu Dhabi Grand Prix,HARD,19.0,35.0,0,50.5,88.453
LEC,Abu Dhabi Grand Prix,HARD,20.0,36.0,0,48.800000000000004,88.303
LEC,Abu Dhabi Grand Prix,HARD,21.0,37.0,0,47.1,88.35
LEC,Abu Dhabi Grand Prix,HARD,22.0,38.0,0,45.400000000000006,88.152
LEC,Abu Dhabi Grand Prix,HARD,23.0,39.0,0,43.7,90.239
LEC,Abu Dhabi Grand Prix,MEDIUM,5.0,41.0,0,40.3,88.125
LEC,Abu Dhabi Grand Prix,MEDIUM,6.0,42.0,0,38.60000000000001,87.269
LEC,Abu Dhabi Grand Prix,MEDIUM,7.0,43.0,0,36.900000000000006,86.919
LEC,Abu Dhabi Grand Prix,MEDIUM,8.0,44.0,0,35.2,86.847
LEC,Abu Dhabi Grand Prix,MEDIUM,9.0,45.0,0,33.5,86.725
LEC,Abu Dhabi Grand Prix,MEDIUM,10.0,46.0,0,31.799999999999997,86.856
LEC,Abu Dhabi Grand Prix,MEDIUM,11.0,47.0,0,30.10000000000001,86.974
LEC,Abu Dhabi Grand Prix,MEDIUM,12.0,48.0,0,28.400000000000006,86.845
LEC,Abu Dhabi Grand Prix,MEDIUM,13.0,49.0,0,26.700000000000003,86.936
LEC,Abu Dhabi Grand Prix,MEDIUM,14.0,50.0,0,25.0,87.213
LEC,Abu Dhabi Grand Prix,MEDIUM,15.0,51.0,0,23.299999999999997,87.376
LEC,Abu Dhabi Grand Prix,MEDIUM,16.0,52.0,0,21.60000000000001,87.55
LEC,Abu Dhabi Grand Prix,MEDIUM,17.0,53.0,0,19.900000000000006,89.005
LEC,Abu Dhabi Grand Prix,MEDIUM,18.0,54.0,0,18.200000000000003,88.291
LEC,Abu Dhabi Grand Prix,MEDIUM,19.0,55.0,0,16.5,88.195
LEC,Abu Dhabi Grand Prix,MEDIUM,20.0,56.0,0,14.799999999999997,87.464
LEC,Abu Dhabi Grand Prix,MEDIUM,21.0,57.0,0,13.100000000000009,88.165
LEC,Abu Dhabi Grand Prix,MEDIUM,22.0,58.0,0,11.400000000000006,88.273
RUS,Abu Dhabi Grand Prix,MEDIUM,2.0,2.0,0,106.6,90.629
RUS,Abu Dhabi Grand Prix,MEDIUM,3.0,3.0,0,104.9,90.067
RUS,Abu Dhabi Grand Prix,MEDIUM,4.0,4.0,0,103.2,89.337
RUS,Abu Dhabi Grand Prix,MEDIUM,5.0,5.0,0,101.5,89.989
RUS,Abu Dhabi Grand Prix,MEDIUM,6.0,6.0,0,99.8,89.929
RUS,Abu Dhabi Grand Prix,MEDIUM,7.0,7.0,0,98.1,89.759
RUS,Abu Dhabi Grand Prix,MEDIUM,8.0,8.0,0,96.4,90.124
RUS,Abu Dhabi Grand Prix,MEDIUM,9.0,9.0,0,94.7,90.205
RUS,Abu Dhabi Grand Prix,MEDIUM,10.0,10.0,0,93.0,90.006
RUS,Abu Dhabi Grand Prix,MEDIUM,11.0,11.0,0,91.3,90.044
RUS,Abu Dhabi Grand Prix,MEDIUM,12.0,12.0,0,89.6,90.095
RUS,Abu Dhabi Grand Prix,MEDIUM,13.0,13.0,0,87.9,90.06
RUS,Abu Dhabi Grand Prix,MEDIUM,14.0,14.0,0,86.2,92.081
RUS,Abu Dhabi Grand Prix,HARD,2.0,16.0,0,82.8,88.648
RUS,Abu Dhabi Grand Prix,HARD,3.0,17.0,0,81.1,90.035
RUS,Abu Dhabi Grand Prix,HARD,4.0,18.0,0,79.4,89.857
RUS,Abu Dhabi Grand Prix,HARD,5.0,19.0,0,77.7,90.191
RUS,Abu Dhabi Grand Prix,HARD,6.0,20.0,0,76.0,90.286
RUS,Abu Dhabi Grand Prix,HARD,7.0,21.0,0,74.30000000000001,90.065
RUS,Abu Dhabi Grand Prix,HARD,8.0,22.0,0,72.6,89.399
RUS,Abu Dhabi Grand Prix,HARD,9.0,23.0,0,70.9,89.648
RUS,Abu Dhabi Grand Prix,HARD,10.0,24.0,0,69.2,89.589
RUS,Abu Dhabi Grand Prix,HARD,11.0,25.0,0,67.5,89.32
RUS,Abu Dhabi Grand Prix,HARD,12.0,26.0,0,65.80000000000001,89.431
RUS,Abu Dhabi Grand Prix,HARD,13.0,27.0,0,64.1,89.682
RUS,Abu Dhabi Grand Prix,HARD,14.0,28.0,0,62.4,89.75
RUS,Abu Dhabi Grand Prix,HARD,15.0,29.0,0,60.7,88.818
RUS,Abu Dhabi Grand Prix,HARD,16.0,30.0,0,59.0,89.01
RUS,Abu Dhabi Grand Prix,HARD,17.0,31.0,0,57.300000000000004,89.144
RUS,Abu Dhabi Grand Prix,HARD,18.0,32.0,0,55.6,89.166
RUS,Abu Dhabi Grand Prix,HARD,19.0,33.0,0,53.9,89.698
RUS,Abu Dhabi Grand Prix,HARD,20.0,34.0,0,52.2,89.485
RUS,Abu Dhabi Grand Prix,HARD,21.0,35.0,0,50.5,89.405
RUS,Abu Dhabi Grand Prix,HARD,22.0,36.0,0,48.800000000000004,89.377
RUS,Abu Dhabi Grand Prix,HARD,23.0,37.0,0,47.1,89.348
RUS,Abu Dhabi Grand Prix,HARD,24.0,38.0,0,45.400000000000006,89.064
RUS,Abu Dhabi Grand Prix,HARD,25.0,39.0,0,43.7,89.157
RUS,Abu Dhabi Grand Prix,HARD,26.0,40.0,0,42.0,89.278
RUS,Abu Dhabi Grand Prix,HARD,27.0,41.0,0,40.3,89.3
RUS,Abu Dhabi Grand Prix,HARD,28.0,42.0,0,38.60000000000001,89.981
RUS,Abu Dhabi Grand Prix,HARD,29.0,43.0,0,36.900000000000006,89.457
RUS,Abu Dhabi Grand Prix,HARD,30.0,44.0,0,35.2,88.818
RUS,Abu Dhabi Grand Prix,HARD,31.0,45.0,0,33.5,89.132
RUS,Abu Dhabi Grand Prix,HARD,32.0,46.0,0,31.799999999999997,88.944
RUS,Abu Dhabi Grand Prix,HARD,33.0,47.0,0,30.10000000000001,89.062
RUS,Abu Dhabi Grand Prix,HARD,34.0,48.0,0,28.400000000000006,88.922
RUS,Abu Dhabi Grand Prix,HARD,35.0,49.0,0,26.700000000000003,88.773
RUS,Abu Dhabi Grand Prix,HARD,36.0,50.0,0,25.0,89.088
RUS,Abu Dhabi Grand Prix,HARD,37.0,51.0,0,23.299999999999997,88.789
RUS,Abu Dhabi Grand Prix,HARD,38.0,52.0,0,21.60000000000001,89.041
RUS,Abu Dhabi Grand Prix,HARD,39.0,53.0,0,19.900000000000006,88.831
RUS,Abu Dhabi Grand Prix,HARD,40.0,54.0,0,18.200000000000003,88.701
RUS,Abu Dhabi Grand Prix,HARD,41.0,55.0,0,16.5,88.824
RUS,Abu Dhabi Grand Prix,HARD,42.0,56.0,0,14.799999999999997,88.835
RUS,Abu Dhabi Grand Prix,HARD,43.0,57.0,0,13.100000000000009,88.599
RUS,Abu Dhabi Grand Prix,HARD,44.0,58.0,0,11.400000000000006,88.853
ALO,Abu Dhabi Grand Prix,MEDIUM,3.0,2.0,0,106.6,90.396
ALO,Abu Dhabi Grand Prix,MEDIUM,4.0,3.0,0,104.9,90.059
ALO,Abu Dhabi Grand Prix,MEDIUM,5.0,4.0,0,103.2,90.896
ALO,Abu Dhabi Grand Prix,MEDIUM,6.0,5.0,0,101.5,90.196
ALO,Abu Dhabi Grand Prix,MEDIUM,7.0,6.0,0,99.8,90.412
ALO,Abu Dhabi Grand Prix,MEDIUM,8.0,7.0,0,98.1,90.319
ALO,Abu Dhabi Grand Prix,MEDIUM,9.0,8.0,0,96.4,90.099
ALO,Abu Dhabi Grand Prix,MEDIUM,10.0,9.0,0,94.7,90.011
ALO,Abu Dhabi Grand Prix,MEDIUM,11.0,10.0,0,93.0,90.025
ALO,Abu Dhabi Grand Prix,MEDIUM,12.0,11.0,0,91.3,89.8
ALO,Abu Dhabi Grand Prix,MEDIUM,13.0,12.0,0,89.6,89.969
ALO,Abu Dhabi Grand Prix,MEDIUM,14.0,13.0,0,87.9,89.968
ALO,Abu Dhabi Grand Prix,MEDIUM,15.0,14.0,0,86.2,90.267
ALO,Abu Dhabi Grand Prix,MEDIUM,16.0,15.0,0,84.5,89.836
ALO,Abu Dhabi Grand Prix,MEDIUM,17.0,16.0,0,82.8,91.928
ALO,Abu Dhabi Grand Prix,HARD,3.0,18.0,0,79.4,89.993
ALO,Abu Dhabi Grand Prix,HARD,4.0,19.0,0,77.7,90.112
ALO,Abu Dhabi Grand Prix,HARD,5.0,20.0,0,76.0,90.107
ALO,Abu Dhabi Grand Prix,HARD,6.0,21.0,0,74.30000000000001,90.031
ALO,Abu Dhabi Grand Prix,HARD,7.0,22.0,0,72.6,90.321
ALO,Abu Dhabi Grand Prix,HARD,8.0,23.0,0,70.9,89.42
ALO,Abu Dhabi Grand Prix,HARD,9.0,24.0,0,69.2,90.803
ALO,Abu Dhabi Grand Prix,HARD,10.0,25.0,0,67.5,90.26
ALO,Abu Dhabi Grand Prix,HARD,11.0,26.0,0,65.80000000000001,89.824
ALO,Abu Dhabi Grand Prix,HARD,12.0,27.0,0,64.1,89.75
ALO,Abu Dhabi Grand Prix,HARD,13.0,28.0,0,62.4,90.533
ALO,Abu Dhabi Grand Prix,HARD,14.0,29.0,0,60.7,90.397
ALO,Abu Dhabi Grand Prix,HARD,15.0,30.0,0,59.0,90.41
ALO,Abu Dhabi Grand Prix,HARD,16.0,31.0,0,57.300000000000004,89.708
ALO,Abu Dhabi Grand Prix,HARD,17.0,32.0,0,55.6,90.048
ALO,Abu Dhabi Grand Prix,HARD,18.0,33.0,0,53.9,89.982
ALO,Abu Dhabi Grand Prix,HARD,19.0,34.0,0,52.2,89.751
ALO,Abu Dhabi Grand Prix,HARD,20.0,35.0,0,50.5,89.764
ALO,Abu Dhabi Grand Prix,HARD,21.0,36.0,0,48.800000000000004,89.819
ALO,Abu Dhabi Grand Prix,HARD,22.0,37.0,0,47.1,90.3
ALO,Abu Dhabi Grand Prix,HARD,23.0,38.0,0,45.400000000000006,90.512
ALO,Abu Dhabi Grand Prix,HARD,24.0,39.0,0,43.7,90.101
ALO,Abu Dhabi Grand Prix,HARD,25.0,40.0,0,42.0,89.984
ALO,Abu Dhabi Grand Prix,HARD,26.0,41.0,0,40.3,89.527
ALO,Abu Dhabi Grand Prix,HARD,27.0,42.0,0,38.60000000000001,88.948
ALO,Abu Dhabi Grand Prix,HARD,28.0,43.0,0,36.900000000000006,89.638
ALO,Abu Dhabi Grand Prix,HARD,29.0,44.0,0,35.2,89.13
ALO,Abu Dhabi Grand Prix,HARD,30.0,45.0,0,33.5,89.355
ALO,Abu Dhabi Grand Prix,HARD,31.0,46.0,0,31.799999999999997,89.235
ALO,Abu Dhabi Grand Prix,HARD,32.0,47.0,0,30.10000000000001,89.12
ALO,Abu Dhabi Grand Prix,HARD,33.0,48.0,0,28.400000000000006,89.446
ALO,Abu Dhabi Grand Prix,HARD,34.0,49.0,0,26.700000000000003,89.32
ALO,Abu Dhabi Grand Prix,HARD,35.0,50.0,0,25.0,89.006
ALO,Abu Dhabi Grand Prix,HARD,36.0,51.0,0,23.299999999999997,88.514
ALO,Abu Dhabi Grand Prix,HARD,37.0,52.0,0,21.60000000000001,89.085
ALO,Abu Dhabi Grand Prix,HARD,38.0,53.0,0,19.900000000000006,88.557
ALO,Abu Dhabi Grand Prix,HARD,39.0,54.0,0,18.200000000000003,88.279
ALO,Abu Dhabi Grand Prix,HARD,40.0,55.0,0,16.5,88.393
ALO,Abu Dhabi Grand Prix,HARD,41.0,56.0,0,14.799999999999997,88.777
ALO,Abu Dhabi Grand Prix,HARD,42.0,57.0,0,13.100000000000009,89.116
ALO,Abu Dhabi Grand Prix,HARD,43.0,58.0,0,11.400000000000006,89.246
OCO,Abu Dhabi Grand Prix,MEDIUM,2.0,2.0,0,106.6,90.504
OCO,Abu Dhabi Grand Prix,MEDIUM,3.0,3.0,0,104.9,90.306
OCO,Abu Dhabi Grand Prix,MEDIUM,4.0,4.0,0,103.2,90.5
OCO,Abu Dhabi Grand Prix,MEDIUM,5.0,5.0,0,101.5,90.163
OCO,Abu Dhabi Grand Prix,MEDIUM,6.0,6.0,0,99.8,90.487
OCO,Abu Dhabi Grand Prix,MEDIUM,7.0,7.0,0,98.1,90.395
OCO,Abu Dhabi Grand Prix,MEDIUM,8.0,8.0,0,96.4,90.429
OCO,Abu Dhabi Grand Prix,MEDIUM,9.0,9.0,0,94.7,90.145
OCO,Abu Dhabi Grand Prix,MEDIUM,10.0,10.0,0,93.0,90.332
OCO,Abu Dhabi Grand Prix,MEDIUM,11.0,11.0,0,91.3,90.858
OCO,Abu Dhabi Grand Prix,MEDIUM,12.0,12.0,0,89.6,90.786
OCO,Abu Dhabi Grand Prix,MEDIUM,13.0,13.0,0,87.9,91.076
OCO,Abu Dhabi Grand Prix,MEDIUM,14.0,14.0,0,86.2,91.022
OCO,Abu Dhabi Grand Prix,MEDIUM,15.0,15.0,0,84.5,90.246
OCO,Abu Dhabi Grand Prix,MEDIUM,16.0,16.0,0,82.8,90.827
OCO,Abu Dhabi Grand Prix,MEDIUM,17.0,17.0,0,81.1,90.95
OCO,Abu Dhabi Grand Prix,MEDIUM,18.0,18.0,0,79.4,91.014
OCO,Abu Dhabi Grand Prix,HARD,2.0,21.0,0,74.30000000000001,88.755
OCO,Abu Dhabi Grand Prix,HARD,3.0,22.0,0,72.6,88.74
OCO,Abu Dhabi Grand Prix,HARD,4.0,23.0,0,70.9,88.882
OCO,Abu Dhabi Grand Prix,HARD,5.0,24.0,0,69.2,89.021
OCO,Abu Dhabi Grand Prix,HARD,6.0,25.0,0,67.5,89.118
OCO,Abu Dhabi Grand Prix,HARD,7.0,26.0,0,65.80000000000001,89.467
OCO,Abu Dhabi Grand Prix,HARD,8.0,27.0,0,64.1,89.688
OCO,Abu Dhabi Grand Prix,HARD,9.0,28.0,0,62.4,90.468
OCO,Abu Dhabi Grand Prix,HARD,10.0,29.0,0,60.7,90.77
OCO,Abu Dhabi Grand Prix,HARD,11.0,30.0,0,59.0,90.281
OCO,Abu Dhabi Grand Prix,HARD,12.0,31.0,0,57.300000000000004,90.599
OCO,Abu Dhabi Grand Prix,HARD,13.0,32.0,0,55.6,89.135
OCO,Abu Dhabi Grand Prix,HARD,14.0,33.0,0,53.9,89.818
OCO,Abu Dhabi Grand Prix,HARD,15.0,34.0,0,52.2,89.348
OCO,Abu Dhabi Grand Prix,HARD,16.0,35.0,0,50.5,89.476
OCO,Abu Dhabi Grand Prix,HARD,17.0,36.0,0,48.800000000000004,89.532
OCO,Abu Dhabi Grand Prix,HARD,18.0,37.0,0,47.1,90.25
OCO,Abu Dhabi Grand Prix,HARD,19.0,38.0,0,45.400000000000006,89.73
OCO,Abu Dhabi Grand Prix,HARD,20.0,39.0,0,43.7,90.117
OCO,Abu Dhabi Grand Prix,HARD,21.0,40.0,0,42.0,90.109
OCO,Abu Dhabi Grand Prix,HARD,22.0,41.0,0,40.3,89.435
OCO,Abu Dhabi Grand Prix,HARD,23.0,42.0,0,38.60000000000001,89.244
OCO,Abu Dhabi Grand Prix,HARD,24.0,43.0,0,36.900000000000006,89.522
OCO,Abu Dhabi Grand Prix,HARD,25.0,44.0,0,35.2,89.244
OCO,Abu Dhabi Grand Prix,HARD,26.0,45.0,0,33.5,89.16
OCO,Abu Dhabi Grand Prix,HARD,27.0,46.0,0,31.799999999999997,89.19
OCO,Abu Dhabi Grand Prix,HARD,28.0,47.0,0,30.10000000000001,89.158
OCO,Abu Dhabi Grand Prix,HARD,29.0,48.0,0,28.400000000000006,89.661
OCO,Abu Dhabi Grand Prix,HARD,30.0,49.0,0,26.700000000000003,89.334
OCO,Abu Dhabi Grand Prix,HARD,31.0,50.0,0,25.0,88.935
OCO,Abu Dhabi Grand Prix,HARD,32.0,51.0,0,23.299999999999997,88.995
OCO,Abu Dhabi Grand Prix,HARD,33.0,52.0,0,21.60000000000001,89.405
OCO,Abu Dhabi Grand Prix,HARD,34.0,53.0,0,19.900000000000006,89.232
OCO,Abu Dhabi Grand Prix,HARD,35.0,54.0,0,18.200000000000003,88.662
OCO,Abu Dhabi Grand Prix,HARD,36.0,55.0,0,16.5,88.719
OCO,Abu Dhabi Grand Prix,HARD,37.0,56.0,0,14.799999999999997,88.655
OCO,Abu Dhabi Grand Prix,HARD,38.0,57.0,0,13.100000000000009,88.75
OCO,Abu Dhabi Grand Prix,HARD,39.0,58.0,0,11.400000000000006,88.769
HAM,Abu Dhabi Grand Prix,SOFT,2.0,2.0,0,106.6,90.853
HAM,Abu Dhabi Grand Prix,SOFT,3.0,3.0,0,104.9,90.113
HAM,Abu Dhabi Grand Prix,SOFT,4.0,4.0,0,103.2,90.883
HAM,Abu Dhabi Grand Prix,SOFT,5.0,5.0,0,101.5,90.229
HAM,Abu Dhabi Grand Prix,SOFT,6.0,6.0,0,99.8,90.254
HAM,Abu Dhabi Grand Prix,SOFT,7.0,7.0,0,98.1,90.539
HAM,Abu Dhabi Grand Prix,SOFT,8.0,8.0,0,96.4,92.249
HAM,Abu Dhabi Grand Prix,HARD,2.0,10.0,0,93.0,88.517
HAM,Abu Dhabi Grand Prix,HARD,3.0,11.0,0,91.3,89.022
HAM,Abu Dhabi Grand Prix,HARD,4.0,12.0,0,89.6,89.598
HAM,Abu Dhabi Grand Prix,HARD,5.0,13.0,0,87.9,89.473
HAM,Abu Dhabi Grand Prix,HARD,6.0,14.0,0,86.2,89.276
HAM,Abu Dhabi Grand Prix,HARD,7.0,15.0,0,84.5,89.574
HAM,Abu Dhabi Grand Prix,HARD,8.0,16.0,0,82.8,89.461
HAM,Abu Dhabi Grand Prix,HARD,9.0,17.0,0,81.1,89.299
HAM,Abu Dhabi Grand Prix,HARD,10.0,18.0,0,79.4,89.7
HAM,Abu Dhabi Grand Prix,HARD,11.0,19.0,0,77.7,89.841
HAM,Abu Dhabi Grand Prix,HARD,12.0,20.0,0,76.0,90.736
HAM,Abu Dhabi Grand Prix,HARD,13.0,21.0,0,74.30000000000001,91.793
HAM,Abu Dhabi Grand Prix,HARD,14.0,22.0,0,72.6,90.535
HAM,Abu Dhabi Grand Prix,HARD,15.0,23.0,0,70.9,90.076
HAM,Abu Dhabi Grand Prix,HARD,16.0,24.0,0,69.2,89.866
HAM,Abu Dhabi Grand Prix,HARD,17.0,25.0,0,67.5,89.81
HAM,Abu Dhabi Grand Prix,HARD,18.0,26.0,0,65.80000000000001,89.644
HAM,Abu Dhabi Grand Prix,HARD,19.0,27.0,0,64.1,90.144
HAM,Abu Dhabi Grand Prix,HARD,20.0,28.0,0,62.4,89.918
HAM,Abu Dhabi Grand Prix,HARD,21.0,29.0,0,60.7,89.785
HAM,Abu Dhabi Grand Prix,HARD,22.0,30.0,0,59.0,89.88
HAM,Abu Dhabi Grand Prix,HARD,23.0,31.0,0,57.300000000000004,91.397
HAM,Abu Dhabi Grand Prix,MEDIUM,2.0,33.0,0,53.9,89.051
HAM,Abu Dhabi Grand Prix,MEDIUM,3.0,34.0,0,52.2,88.794
HAM,Abu Dhabi Grand Prix,MEDIUM,4.0,35.0,0,50.5,88.514
HAM,Abu Dhabi Grand Prix,MEDIUM,5.0,36.0,0,48.800000000000004,88.094
HAM,Abu Dhabi Grand Prix,MEDIUM,6.0,37.0,0,47.1,88.549
HAM,Abu Dhabi Grand Prix,MEDIUM,7.0,38.0,0,45.400000000000006,88.141
HAM,Abu Dhabi Grand Prix,MEDIUM,8.0,39.0,0,43.7,88.528
HAM,Abu Dhabi Grand Prix,MEDIUM,9.0,40.0,0,42.0,89.048
HAM,Abu Dhabi Grand Prix,MEDIUM,10.0,41.0,0,40.3,88.693
HAM,Abu Dhabi Grand Prix,MEDIUM,11.0,42.0,0,38.60000000000001,88.873
HAM,Abu Dhabi Grand Prix,MEDIUM,12.0,43.0,0,36.900000000000006,88.464
HAM,Abu Dhabi Grand Prix,MEDIUM,13.0,44.0,0,35.2,88.949
HAM,Abu Dhabi Grand Prix,MEDIUM,14.0,45.0,0,33.5,88.758
HAM,Abu Dhabi Grand Prix,MEDIUM,15.0,46.0,0,31.799999999999997,89.24
HAM,Abu Dhabi Grand Prix,MEDIUM,16.0,47.0,0,30.10000000000001,88.997
HAM,Abu Dhabi Grand Prix,MEDIUM,17.0,48.0,0,28.400000000000006,88.979
HAM,Abu Dhabi Grand Prix,MEDIUM,18.0,49.0,0,26.700000000000003,89.186
HAM,Abu Dhabi Grand Prix,MEDIUM,19.0,50.0,0,25.0,88.978
HAM,Abu Dhabi Grand Prix,MEDIUM,20.0,51.0,0,23.299999999999997,88.937
HAM,Abu Dhabi Grand Prix,MEDIUM,21.0,52.0,0,21.60000000000001,89.625
HAM,Abu Dhabi Grand Prix,MEDIUM,22.0,53.0,0,19.900000000000006,89.044
HAM,Abu Dhabi Grand Prix,MEDIUM,23.0,54.0,0,18.200000000000003,88.731
HAM,Abu Dhabi Grand Prix,MEDIUM,24.0,55.0,0,16.5,88.796
HAM,Abu Dhabi Grand Prix,MEDIUM,25.0,56.0,0,14.799999999999997,89.623
HAM,Abu Dhabi Grand Prix,MEDIUM,26.0,57.0,0,13.100000000000009,89.022
HAM,Abu Dhabi Grand Prix,MEDIUM,27.0,58.0,0,11.400000000000006,89.511
HUL,Abu Dhabi Grand Prix,SOFT,2.0,2.0,0,106.6,91.813
HUL,Abu Dhabi Grand Prix,SOFT,3.0,3.0,0,104.9,90.515
HUL,Abu Dhabi Grand Prix,SOFT,4.0,4.0,0,103.2,90.573
HUL,Abu Dhabi Grand Prix,SOFT,5.0,5.0,0,101.5,90.776
HUL,Abu Dhabi Grand Prix,SOFT,6.0,6.0,0,99.8,90.255
HUL,Abu Dhabi Grand Prix,SOFT,7.0,7.0,0,98.1,91.972
HUL,Abu Dhabi Grand Prix,HARD,2.0,9.0,0,94.7,88.442
HUL,Abu Dhabi Grand Prix,HARD,3.0,10.0,0,93.0,89.003
HUL,Abu Dhabi Grand Prix,HARD,4.0,11.0,0,91.3,89.418
HUL,Abu Dhabi Grand Prix,HARD,5.0,12.0,0,89.6,89.164
HUL,Abu Dhabi Grand Prix,HARD,6.0,13.0,0,87.9,89.436
HUL,Abu Dhabi Grand Prix,HARD,7.0,14.0,0,86.2,89.478
HUL,Abu Dhabi Grand Prix,HARD,8.0,15.0,0,84.5,89.488
HUL,Abu Dhabi Grand Prix,HARD,9.0,16.0,0,82.8,89.202
HUL,Abu Dhabi Grand Prix,HARD,10.0,17.0,0,81.1,89.144
HUL,Abu Dhabi Grand Prix,HARD,11.0,18.0,0,79.4,89.601
HUL,Abu Dhabi Grand Prix,HARD,12.0,19.0,0,77.7,89.736
HUL,Abu Dhabi Grand Prix,HARD,13.0,20.0,0,76.0,90.485
HUL,Abu Dhabi Grand Prix,HARD,14.0,21.0,0,74.30000000000001,91.706
HUL,Abu Dhabi Grand Prix,HARD,15.0,22.0,0,72.6,90.732
HUL,Abu Dhabi Grand Prix,HARD,16.0,23.0,0,70.9,90.908
HUL,Abu Dhabi Grand Prix,HARD,17.0,24.0,0,69.2,91.273
HUL,Abu Dhabi Grand Prix,HARD,18.0,25.0,0,67.5,90.113
HUL,Abu Dhabi Grand Prix,HARD,19.0,26.0,0,65.80000000000001,89.979
HUL,Abu Dhabi Grand Prix,HARD,20.0,27.0,0,64.1,90.353
HUL,Abu Dhabi Grand Prix,HARD,21.0,28.0,0,62.4,90.575
HUL,Abu Dhabi Grand Prix,HARD,22.0,29.0,0,60.7,90.573
HUL,Abu Dhabi Grand Prix,HARD,23.0,30.0,0,59.0,90.519
HUL,Abu Dhabi Grand Prix,HARD,24.0,31.0,0,57.300000000000004,91.724
HUL,Abu Dhabi Grand Prix,HARD,25.0,32.0,0,55.6,90.152
HUL,Abu Dhabi Grand Prix,HARD,26.0,33.0,0,53.9,90.907
HUL,Abu Dhabi Grand Prix,HARD,27.0,34.0,0,52.2,90.063
HUL,Abu Dhabi Grand Prix,HARD,28.0,35.0,0,50.5,89.611
HUL,Abu Dhabi Grand Prix,HARD,29.0,36.0,0,48.800000000000004,89.383
HUL,Abu Dhabi Grand Prix,HARD,30.0,37.0,0,47.1,89.423
HUL,Abu Dhabi Grand Prix,HARD,31.0,38.0,0,45.400000000000006,89.693
HUL,Abu Dhabi Grand Prix,HARD,32.0,39.0,0,43.7,89.822
HUL,Abu Dhabi Grand Prix,HARD,33.0,40.0,0,42.0,89.96
HUL,Abu Dhabi Grand Prix,HARD,34.0,41.0,0,40.3,90.223
HUL,Abu Dhabi Grand Prix,HARD,35.0,42.0,0,38.60000000000001,92.159
HUL,Abu Dhabi Grand Prix,MEDIUM,2.0,44.0,0,35.2,87.172
HUL,Abu Dhabi Grand Prix,MEDIUM,3.0,45.0,0,33.5,87.574
HUL,Abu Dhabi Grand Prix,MEDIUM,4.0,46.0,0,31.799999999999997,87.05
HUL,Abu Dhabi Grand Prix,MEDIUM,5.0,47.0,0,30.10000000000001,87.541
HUL,Abu Dhabi Grand Prix,MEDIUM,6.0,48.0,0,28.400000000000006,87.831
HUL,Abu Dhabi Grand Prix,MEDIUM,7.0,49.0,0,26.700000000000003,89.021
HUL,Abu Dhabi Grand Prix,MEDIUM,8.0,50.0,0,25.0,87.977
HUL,Abu Dhabi Grand Prix,MEDIUM,9.0,51.0,0,23.299999999999997,88.244
HUL,Abu Dhabi Grand Prix,MEDIUM,10.0,52.0,0,21.60000000000001,87.742
HUL,Abu Dhabi Grand Prix,MEDIUM,11.0,53.0,0,19.900000000000006,88.41
HUL,Abu Dhabi Grand Prix,MEDIUM,12.0,54.0,0,18.200000000000003,88.379
HUL,Abu Dhabi Grand Prix,MEDIUM,13.0,55.0,0,16.5,88.053
HUL,Abu Dhabi Grand Prix,MEDIUM,14.0,56.0,0,14.799999999999997,89.054
HUL,Abu Dhabi Grand Prix,MEDIUM,15.0,57.0,0,13.100000000000009,89.171
HUL,Abu Dhabi Grand Prix,MEDIUM,16.0,58.0,0,11.400000000000006,88.107
STR,Abu Dhabi Grand Prix,HARD,3.0,2.0,0,106.6,91.582
STR,Abu Dhabi Grand Prix,HARD,4.0,3.0,0,104.9,90.319
STR,Abu Dhabi Grand Prix,HARD,5.0,4.0,0,103.2,90.773
STR,Abu Dhabi Grand Prix,HARD,6.0,5.0,0,101.5,90.458
STR,Abu Dhabi Grand Prix,HARD,7.0,6.0,0,99.8,90.188
STR,Abu Dhabi Grand Prix,HARD,8.0,7.0,0,98.1,90.392
STR,Abu Dhabi Grand Prix,HARD,9.0,8.0,0,96.4,90.439
STR,Abu Dhabi Grand Prix,HARD,10.0,9.0,0,94.7,89.719
STR,Abu Dhabi Grand Prix,HARD,11.0,10.0,0,93.0,90.275
STR,Abu Dhabi Grand Prix,HARD,12.0,11.0,0,91.3,90.699
STR,Abu Dhabi Grand Prix,HARD,13.0,12.0,0,89.6,91.17
STR,Abu Dhabi Grand Prix,HARD,14.0,13.0,0,87.9,91.153
STR,Abu Dhabi Grand Prix,HARD,15.0,14.0,0,86.2,90.914
STR,Abu Dhabi Grand Prix,HARD,16.0,15.0,0,84.5,90.931
STR,Abu Dhabi Grand Prix,HARD,17.0,16.0,0,82.8,90.384
STR,Abu Dhabi Grand Prix,HARD,18.0,17.0,0,81.1,90.914
STR,Abu Dhabi Grand Prix,HARD,19.0,18.0,0,79.4,91.423
STR,Abu Dhabi Grand Prix,HARD,20.0,19.0,0,77.7,91.8
STR,Abu Dhabi Grand Prix,HARD,21.0,20.0,0,76.0,91.779
STR,Abu Dhabi Grand Prix,HARD,22.0,21.0,0,74.30000000000001,92.002
STR,Abu Dhabi Grand Prix,HARD,23.0,22.0,0,72.6,90.668
STR,Abu Dhabi Grand Prix,HARD,24.0,23.0,0,70.9,89.973
STR,Abu Dhabi Grand Prix,HARD,25.0,24.0,0,69.2,89.972
STR,Abu Dhabi Grand Prix,HARD,26.0,25.0,0,67.5,89.854
STR,Abu Dhabi Grand Prix,HARD,27.0,26.0,0,65.80000000000001,89.788
STR,Abu Dhabi Grand Prix,HARD,28.0,27.0,0,64.1,89.987
STR,Abu Dhabi Grand Prix,HARD,29.0,28.0,0,62.4,89.86
STR,Abu Dhabi Grand Prix,HARD,30.0,29.0,0,60.7,89.926
STR,Abu Dhabi Grand Prix,HARD,31.0,30.0,0,59.0,90.175
STR,Abu Dhabi Grand Prix,HARD,32.0,31.0,0,57.300000000000004,89.958
STR,Abu Dhabi Grand Prix,HARD,33.0,32.0,0,55.6,90.239
STR,Abu Dhabi Grand Prix,HARD,34.0,33.0,0,53.9,89.972
STR,Abu Dhabi Grand Prix,HARD,35.0,34.0,0,52.2,89.826
STR,Abu Dhabi Grand Prix,HARD,36.0,35.0,0,50.5,90.004
STR,Abu Dhabi Grand Prix,HARD,37.0,36.0,0,48.800000000000004,90.003
STR,Abu Dhabi Grand Prix,HARD,38.0,37.0,0,47.1,89.84
STR,Abu Dhabi Grand Prix,HARD,39.0,38.0,0,45.400000000000006,89.985
STR,Abu Dhabi Grand Prix,HARD,40.0,39.0,0,43.7,90.218
STR,Abu Dhabi Grand Prix,HARD,41.0,40.0,0,42.0,90.278
STR,Abu Dhabi Grand Prix,HARD,42.0,41.0,0,40.3,90.029
STR,Abu Dhabi Grand Prix,HARD,43.0,42.0,0,38.60000000000001,92.323
STR,Abu Dhabi Grand Prix,MEDIUM,3.0,44.0,0,35.2,87.918
STR,Abu Dhabi Grand Prix,MEDIUM,4.0,45.0,0,33.5,88.113
STR,Abu Dhabi Grand Prix,MEDIUM,5.0,46.0,0,31.799999999999997,88.288
STR,Abu Dhabi Grand Prix,MEDIUM,6.0,47.0,0,30.10000000000001,87.743
STR,Abu Dhabi Grand Prix,MEDIUM,7.0,48.0,0,28.400000000000006,88.427
STR,Abu Dhabi Grand Prix,MEDIUM,8.0,49.0,0,26.700000000000003,87.949
STR,Abu Dhabi Grand Prix,MEDIUM,9.0,50.0,0,25.0,88.065
STR,Abu Dhabi Grand Prix,MEDIUM,10.0,51.0,0,23.299999999999997,87.839
STR,Abu Dhabi Grand Prix,MEDIUM,11.0,52.0,0,21.60000000000001,87.626
STR,Abu Dhabi Grand Prix,MEDIUM,12.0,53.0,0,19.900000000000006,88.658
STR,Abu Dhabi Grand Prix,MEDIUM,13.0,54.0,0,18.200000000000003,88.951
STR,Abu Dhabi Grand Prix,MEDIUM,14.0,55.0,0,16.5,88.046
STR,Abu Dhabi Grand Prix,MEDIUM,15.0,56.0,0,14.799999999999997,87.952
STR,Abu Dhabi Grand Prix,MEDIUM,16.0,57.0,0,13.100000000000009,88.109
STR,Abu Dhabi Grand Prix,MEDIUM,17.0,58.0,0,11.400000000000006,89.029
BOR,Abu Dhabi Grand Prix,MEDIUM,2.0,2.0,0,106.6,90.656
BOR,Abu Dhabi Grand Prix,MEDIUM,3.0,3.0,0,104.9,90.137
BOR,Abu Dhabi Grand Prix,MEDIUM,4.0,4.0,0,103.2,90.222
BOR,Abu Dhabi Grand Prix,MEDIUM,5.0,5.0,0,101.5,90.186
BOR,Abu Dhabi Grand Prix,MEDIUM,6.0,6.0,0,99.8,90.444
BOR,Abu Dhabi Grand Prix,MEDIUM,7.0,7.0,0,98.1,90.367
BOR,Abu Dhabi Grand Prix,MEDIUM,8.0,8.0,0,96.4,90.266
BOR,Abu Dhabi Grand Prix,MEDIUM,9.0,9.0,0,94.7,90.058
BOR,Abu Dhabi Grand Prix,MEDIUM,10.0,10.0,0,93.0,90.086
BOR,Abu Dhabi Grand Prix,MEDIUM,11.0,11.0,0,91.3,90.223
BOR,Abu Dhabi Grand Prix,MEDIUM,12.0,12.0,0,89.6,90.151
BOR,Abu Dhabi Grand Prix,MEDIUM,13.0,13.0,0,87.9,90.144
BOR,Abu Dhabi Grand Prix,MEDIUM,14.0,14.0,0,86.2,90.359
BOR,Abu Dhabi Grand Prix,MEDIUM,15.0,15.0,0,84.5,91.832
BOR,Abu Dhabi Grand Prix,HARD,2.0,17.0,0,81.1,90.377
BOR,Abu Dhabi Grand Prix,HARD,3.0,18.0,0,79.4,90.116
BOR,Abu Dhabi Grand Prix,HARD,4.0,19.0,0,77.7,90.036
BOR,Abu Dhabi Grand Prix,HARD,5.0,20.0,0,76.0,90.128
BOR,Abu Dhabi Grand Prix,HARD,6.0,21.0,0,74.30000000000001,90.056
BOR,Abu Dhabi Grand Prix,HARD,7.0,22.0,0,72.6,90.34
BOR,Abu Dhabi Grand Prix,HARD,8.0,23.0,0,70.9,89.997
BOR,Abu Dhabi Grand Prix,HARD,9.0,24.0,0,69.2,90.145
BOR,Abu Dhabi Grand Prix,HARD,10.0,25.0,0,67.5,90.091
BOR,Abu Dhabi Grand Prix,HARD,11.0,26.0,0,65.80000000000001,89.933
BOR,Abu Dhabi Grand Prix,HARD,12.0,27.0,0,64.1,90.479
BOR,Abu Dhabi Grand Prix,HARD,13.0,28.0,0,62.4,90.695
BOR,Abu Dhabi Grand Prix,HARD,14.0,29.0,0,60.7,90.312
BOR,Abu Dhabi Grand Prix,HARD,15.0,30.0,0,59.0,89.833
BOR,Abu Dhabi Grand Prix,HARD,16.0,31.0,0,57.300000000000004,89.981
BOR,Abu Dhabi Grand Prix,HARD,17.0,32.0,0,55.6,89.829
BOR,Abu Dhabi Grand Prix,HARD,18.0,33.0,0,53.9,89.954
BOR,Abu Dhabi Grand Prix,HARD,19.0,34.0,0,52.2,89.862
BOR,Abu Dhabi Grand Prix,HARD,20.0,35.0,0,50.5,89.708
BOR,Abu Dhabi Grand Prix,HARD,21.0,36.0,0,48.800000000000004,89.735
BOR,Abu Dhabi Grand Prix,HARD,22.0,37.0,0,47.1,90.367
BOR,Abu Dhabi Grand Prix,HARD,23.0,38.0,0,45.400000000000006,91.005
BOR,Abu Dhabi Grand Prix,HARD,24.0,39.0,0,43.7,90.115
BOR,Abu Dhabi Grand Prix,HARD,25.0,40.0,0,42.0,90.021
BOR,Abu Dhabi Grand Prix,HARD,26.0,41.0,0,40.3,91.051
BOR,Abu Dhabi Grand Prix,HARD,27.0,42.0,0,38.60000000000001,89.836
BOR,Abu Dhabi Grand Prix,HARD,28.0,43.0,0,36.900000000000006,90.299
BOR,Abu Dhabi Grand Prix,HARD,29.0,44.0,0,35.2,89.654
BOR,Abu Dhabi Grand Prix,HARD,30.0,45.0,0,33.5,89.363
BOR,Abu Dhabi Grand Prix,HARD,31.0,46.0,0,31.799999999999997,89.386
BOR,Abu Dhabi Grand Prix,HARD,32.0,47.0,0,30.10000000000001,89.114
BOR,Abu Dhabi Grand Prix,HARD,33.0,48.0,0,28.400000000000006,89.371
BOR,Abu Dhabi Grand Prix,HARD,34.0,49.0,0,26.700000000000003,89.459
BOR,Abu Dhabi Grand Prix,HARD,35.0,50.0,0,25.0,89.145
BOR,Abu Dhabi Grand Prix,HARD,36.0,51.0,0,23.299999999999997,89.253
BOR,Abu Dhabi Grand Prix,HARD,37.0,52.0,0,21.60000000000001,89.229
BOR,Abu Dhabi Grand Prix,HARD,38.0,53.0,0,19.900000000000006,89.609
BOR,Abu Dhabi Grand Prix,HARD,39.0,54.0,0,18.200000000000003,89.723
BOR,Abu Dhabi Grand Prix,HARD,40.0,55.0,0,16.5,90.038
BOR,Abu Dhabi Grand Prix,HARD,41.0,56.0,0,14.799999999999997,89.61
BOR,Abu Dhabi Grand Prix,HARD,42.0,57.0,0,13.100000000000009,89.836
BOR,Abu Dhabi Grand Prix,HARD,43.0,58.0,0,11.400000000000006,90.667
BEA,Abu Dhabi Grand Prix,MEDIUM,2.0,2.0,0,106.6,91.021
BEA,Abu Dhabi Grand Prix,MEDIUM,3.0,3.0,0,104.9,90.467
BEA,Abu Dhabi Grand Prix,MEDIUM,4.0,4.0,0,103.2,90.741
BEA,Abu Dhabi Grand Prix,MEDIUM,5.0,5.0,0,101.5,90.19
BEA,Abu Dhabi Grand Prix,MEDIUM,6.0,6.0,0,99.8,90.288
BEA,Abu Dhabi Grand Prix,MEDIUM,7.0,7.0,0,98.1,90.546
BEA,Abu Dhabi Grand Prix,MEDIUM,8.0,8.0,0,96.4,90.343
BEA,Abu Dhabi Grand Prix,MEDIUM,9.0,9.0,0,94.7,90.285
BEA,Abu Dhabi Grand Prix,MEDIUM,10.0,10.0,0,93.0,90.754
BEA,Abu Dhabi Grand Prix,MEDIUM,11.0,11.0,0,91.3,90.903
BEA,Abu Dhabi Grand Prix,MEDIUM,12.0,12.0,0,89.6,91.017
BEA,Abu Dhabi Grand Prix,MEDIUM,13.0,13.0,0,87.9,91.06
BEA,Abu Dhabi Grand Prix,MEDIUM,14.0,14.0,0,86.2,92.668
BEA,Abu Dhabi Grand Prix,HARD,2.0,16.0,0,82.8,89.263
BEA,Abu Dhabi Grand Prix,HARD,3.0,17.0,0,81.1,89.863
BEA,Abu Dhabi Grand Prix,HARD,4.0,18.0,0,79.4,89.533
BEA,Abu Dhabi Grand Prix,HARD,5.0,19.0,0,77.7,89.922
BEA,Abu Dhabi Grand Prix,HARD,6.0,20.0,0,76.0,89.787
BEA,Abu Dhabi Grand Prix,HARD,7.0,21.0,0,74.30000000000001,89.645
BEA,Abu Dhabi Grand Prix,HARD,8.0,22.0,0,72.6,89.473
BEA,Abu Dhabi Grand Prix,HARD,9.0,23.0,0,70.9,90.934
BEA,Abu Dhabi Grand Prix,HARD,10.0,24.0,0,69.2,90.11
BEA,Abu Dhabi Grand Prix,HARD,11.0,25.0,0,67.5,89.667
BEA,Abu Dhabi Grand Prix,HARD,12.0,26.0,0,65.80000000000001,89.883
BEA,Abu Dhabi Grand Prix,HARD,13.0,27.0,0,64.1,89.469
BEA,Abu Dhabi Grand Prix,HARD,14.0,28.0,0,62.4,89.491
BEA,Abu Dhabi Grand Prix,HARD,15.0,29.0,0,60.7,89.995
BEA,Abu Dhabi Grand Prix,HARD,16.0,30.0,0,59.0,89.763
BEA,Abu Dhabi Grand Prix,HARD,17.0,31.0,0,57.300000000000004,91.192
BEA,Abu Dhabi Grand Prix,HARD,18.0,32.0,0,55.6,90.214
BEA,Abu Dhabi Grand Prix,HARD,19.0,33.0,0,53.9,89.43
BEA,Abu Dhabi Grand Prix,HARD,20.0,34.0,0,52.2,89.491
BEA,Abu Dhabi Grand Prix,HARD,21.0,35.0,0,50.5,89.323
BEA,Abu Dhabi Grand Prix,HARD,22.0,36.0,0,48.800000000000004,89.455
BEA,Abu Dhabi Grand Prix,HARD,23.0,37.0,0,47.1,89.436
BEA,Abu Dhabi Grand Prix,HARD,24.0,38.0,0,45.400000000000006,89.972
BEA,Abu Dhabi Grand Prix,HARD,25.0,39.0,0,43.7,90.042
BEA,Abu Dhabi Grand Prix,HARD,26.0,40.0,0,42.0,90.056
BEA,Abu Dhabi Grand Prix,HARD,27.0,41.0,0,40.3,89.816
BEA,Abu Dhabi Grand Prix,HARD,28.0,42.0,0,38.60000000000001,89.34
BEA,Abu Dhabi Grand Prix,HARD,29.0,43.0,0,36.900000000000006,89.324
BEA,Abu Dhabi Grand Prix,HARD,30.0,44.0,0,35.2,89.307
BEA,Abu Dhabi Grand Prix,HARD,31.0,45.0,0,33.5,90.196
BEA,Abu Dhabi Grand Prix,HARD,32.0,46.0,0,31.799999999999997,89.469
BEA,Abu Dhabi Grand Prix,HARD,33.0,47.0,0,30.10000000000001,88.981
BEA,Abu Dhabi Grand Prix,HARD,34.0,48.0,0,28.400000000000006,89.306
BEA,Abu Dhabi Grand Prix,HARD,35.0,49.0,0,26.700000000000003,89.241
BEA,Abu Dhabi Grand Prix,HARD,36.0,50.0,0,25.0,88.976
BEA,Abu Dhabi Grand Prix,HARD,37.0,51.0,0,23.299999999999997,89.246
BEA,Abu Dhabi Grand Prix,HARD,38.0,52.0,0,21.60000000000001,89.07
BEA,Abu Dhabi Grand Prix,HARD,39.0,53.0,0,19.900000000000006,89.197
BEA,Abu Dhabi Grand Prix,HARD,40.0,54.0,0,18.200000000000003,89.276
BEA,Abu Dhabi Grand Prix,HARD,41.0,55.0,0,16.5,89.112
BEA,Abu Dhabi Grand Prix,HARD,42.0,56.0,0,14.799999999999997,89.175
BEA,Abu Dhabi Grand Prix,HARD,43.0,57.0,0,13.100000000000009,88.98
BEA,Abu Dhabi Grand Prix,HARD,44.0,58.0,0,11.400000000000006,91.291
SAI,Abu Dhabi Grand Prix,MEDIUM,2.0,2.0,0,106.6,91.984
SAI,Abu Dhabi Grand Prix,MEDIUM,3.0,3.0,0,104.9,90.119
SAI,Abu Dhabi Grand Prix,MEDIUM,4.0,4.0,0,103.2,90.829
SAI,Abu Dhabi Grand Prix,MEDIUM,5.0,5.0,0,101.5,90.224
SAI,Abu Dhabi Grand Prix,MEDIUM,6.0,6.0,0,99.8,90.274
SAI,Abu Dhabi Grand Prix,MEDIUM,7.0,7.0,0,98.1,90.379
SAI,Abu Dhabi Grand Prix,MEDIUM,8.0,8.0,0,96.4,90.558
SAI,Abu Dhabi Grand Prix,MEDIUM,9.0,9.0,0,94.7,90.047
SAI,Abu Dhabi Grand Prix,MEDIUM,10.0,10.0,0,93.0,90.457
SAI,Abu Dhabi Grand Prix,MEDIUM,11.0,11.0,0,91.3,90.872
SAI,Abu Dhabi Grand Prix,MEDIUM,12.0,12.0,0,89.6,90.955
SAI,Abu Dhabi Grand Prix,MEDIUM,13.0,13.0,0,87.9,91.109
SAI,Abu Dhabi Grand Prix,MEDIUM,14.0,14.0,0,86.2,91.059
SAI,Abu Dhabi Grand Prix,MEDIUM,15.0,15.0,0,84.5,90.862
SAI,Abu Dhabi Grand Prix,MEDIUM,16.0,16.0,0,82.8,91.855
SAI,Abu Dhabi Grand Prix,MEDIUM,17.0,17.0,0,81.1,91.17
SAI,Abu Dhabi Grand Prix,HARD,2.0,20.0,0,76.0,89.219
SAI,Abu Dhabi Grand Prix,HARD,3.0,21.0,0,74.30000000000001,89.22
SAI,Abu Dhabi Grand Prix,HARD,4.0,22.0,0,72.6,89.3
SAI,Abu Dhabi Grand Prix,HARD,5.0,23.0,0,70.9,89.44
SAI,Abu Dhabi Grand Prix,HARD,6.0,24.0,0,69.2,89.327
SAI,Abu Dhabi Grand Prix,HARD,7.0,25.0,0,67.5,89.657
SAI,Abu Dhabi Grand Prix,HARD,8.0,26.0,0,65.80000000000001,89.766
SAI,Abu Dhabi Grand Prix,HARD,9.0,27.0,0,64.1,89.825
SAI,Abu Dhabi Grand Prix,HARD,10.0,28.0,0,62.4,89.888
SAI,Abu Dhabi Grand Prix,HARD,11.0,29.0,0,60.7,89.946
SAI,Abu Dhabi Grand Prix,HARD,12.0,30.0,0,59.0,90.072
SAI,Abu Dhabi Grand Prix,HARD,13.0,31.0,0,57.300000000000004,89.924
SAI,Abu Dhabi Grand Prix,HARD,14.0,32.0,0,55.6,89.724
SAI,Abu Dhabi Grand Prix,HARD,15.0,33.0,0,53.9,89.965
SAI,Abu Dhabi Grand Prix,HARD,16.0,34.0,0,52.2,89.656
SAI,Abu Dhabi Grand Prix,HARD,17.0,35.0,0,50.5,89.576
SAI,Abu Dhabi Grand Prix,HARD,18.0,36.0,0,48.800000000000004,89.41
SAI,Abu Dhabi Grand Prix,HARD,19.0,37.0,0,47.1,89.212
SAI,Abu Dhabi Grand Prix,HARD,20.0,38.0,0,45.400000000000006,89.601
SAI,Abu Dhabi Grand Prix,HARD,21.0,39.0,0,43.7,89.938
SAI,Abu Dhabi Grand Prix,HARD,22.0,40.0,0,42.0,89.976
SAI,Abu Dhabi Grand Prix,HARD,23.0,41.0,0,40.3,90.502
SAI,Abu Dhabi Grand Prix,HARD,24.0,42.0,0,38.60000000000001,89.679
SAI,Abu Dhabi Grand Prix,HARD,25.0,43.0,0,36.900000000000006,89.485
SAI,Abu Dhabi Grand Prix,HARD,26.0,44.0,0,35.2,89.431
SAI,Abu Dhabi Grand Prix,HARD,27.0,45.0,0,33.5,89.336
SAI,Abu Dhabi Grand Prix,HARD,28.0,46.0,0,31.799999999999997,89.242
SAI,Abu Dhabi Grand Prix,HARD,29.0,47.0,0,30.10000000000001,89.373
SAI,Abu Dhabi Grand Prix,HARD,30.0,48.0,0,28.400000000000006,89.272
SAI,Abu Dhabi Grand Prix,HARD,31.0,49.0,0,26.700000000000003,89.168
SAI,Abu Dhabi Grand Prix,HARD,32.0,50.0,0,25.0,89.162
SAI,Abu Dhabi Grand Prix,HARD,33.0,51.0,0,23.299999999999997,89.052
SAI,Abu Dhabi Grand Prix,HARD,34.0,52.0,0,21.60000000000001,89.09
SAI,Abu Dhabi Grand Prix,HARD,35.0,53.0,0,19.900000000000006,89.496
SAI,Abu Dhabi Grand Prix,HARD,36.0,54.0,0,18.200000000000003,90.355
SAI,Abu Dhabi Grand Prix,HARD,37.0,55.0,0,16.5,89.556
SAI,Abu Dhabi Grand Prix,HARD,38.0,56.0,0,14.799999999999997,89.442
SAI,Abu Dhabi Grand Prix,HARD,39.0,57.0,0,13.100000000000009,90.727
SAI,Abu Dhabi Grand Prix,HARD,40.0,58.0,0,11.400000000000006,90.046
TSU,Abu Dhabi Grand Prix,HARD,2.0,2.0,0,106.6,90.688
TSU,Abu Dhabi Grand Prix,HARD,3.0,3.0,0,104.9,90.383
TSU,Abu Dhabi Grand Prix,HARD,4.0,4.0,0,103.2,90.521
TSU,Abu Dhabi Grand Prix,HARD,5.0,5.0,0,101.5,90.323
TSU,Abu Dhabi Grand Prix,HARD,6.0,6.0,0,99.8,90.361
TSU,Abu Dhabi Grand Prix,HARD,7.0,7.0,0,98.1,90.468
TSU,Abu Dhabi Grand Prix,HARD,8.0,8.0,0,96.4,90.395
TSU,Abu Dhabi Grand Prix,HARD,9.0,9.0,0,94.7,90.184
TSU,Abu Dhabi Grand Prix,HARD,10.0,10.0,0,93.0,90.588
TSU,Abu Dhabi Grand Prix,HARD,11.0,11.0,0,91.3,90.652
TSU,Abu Dhabi Grand Prix,HARD,12.0,12.0,0,89.6,90.86
TSU,Abu Dhabi Grand Prix,HARD,13.0,13.0,0,87.9,90.901
TSU,Abu Dhabi Grand Prix,HARD,14.0,14.0,0,86.2,91.13
TSU,Abu Dhabi Grand Prix,HARD,15.0,15.0,0,84.5,90.556
TSU,Abu Dhabi Grand Prix,HARD,16.0,16.0,0,82.8,90.938
TSU,Abu Dhabi Grand Prix,HARD,17.0,17.0,0,81.1,90.915
TSU,Abu Dhabi Grand Prix,HARD,18.0,18.0,0,79.4,90.729
TSU,Abu Dhabi Grand Prix,HARD,19.0,19.0,0,77.7,90.685
TSU,Abu Dhabi Grand Prix,HARD,20.0,20.0,0,76.0,90.093
TSU,Abu Dhabi Grand Prix,HARD,21.0,21.0,0,74.30000000000001,90.314
TSU,Abu Dhabi Grand Prix,HARD,22.0,22.0,0,72.6,90.004
TSU,Abu Dhabi Grand Prix,HARD,23.0,23.0,0,70.9,91.428
TSU,Abu Dhabi Grand Prix,HARD,24.0,24.0,0,69.2,91.462
TSU,Abu Dhabi Grand Prix,HARD,25.0,25.0,0,67.5,90.072
TSU,Abu Dhabi Grand Prix,HARD,26.0,26.0,0,65.80000000000001,90.113
TSU,Abu Dhabi Grand Prix,HARD,27.0,27.0,0,64.1,90.14
TSU,Abu Dhabi Grand Prix,HARD,28.0,28.0,0,62.4,89.949
TSU,Abu Dhabi Grand Prix,HARD,29.0,29.0,0,60.7,90.834
TSU,Abu Dhabi Grand Prix,HARD,30.0,30.0,0,59.0,90.772
TSU,Abu Dhabi Grand Prix,HARD,31.0,31.0,0,57.300000000000004,90.057
TSU,Abu Dhabi Grand Prix,HARD,32.0,32.0,0,55.6,91.781
TSU,Abu Dhabi Grand Prix,MEDIUM,2.0,34.0,0,52.2,88.572
TSU,Abu Dhabi Grand Prix,MEDIUM,3.0,35.0,0,50.5,88.955
TSU,Abu Dhabi Grand Prix,MEDIUM,4.0,36.0,0,48.800000000000004,89.428
TSU,Abu Dhabi Grand Prix,MEDIUM,5.0,37.0,0,47.1,89.165
TSU,Abu Dhabi Grand Prix,MEDIUM,6.0,38.0,0,45.400000000000006,89.165
TSU,Abu Dhabi Grand Prix,MEDIUM,7.0,39.0,0,43.7,88.686
TSU,Abu Dhabi Grand Prix,MEDIUM,8.0,40.0,0,42.0,88.827
TSU,Abu Dhabi Grand Prix,MEDIUM,9.0,41.0,0,40.3,88.857
TSU,Abu Dhabi Grand Prix,MEDIUM,10.0,42.0,0,38.60000000000001,89.016
TSU,Abu Dhabi Grand Prix,MEDIUM,11.0,43.0,0,36.900000000000006,89.443
TSU,Abu Dhabi Grand Prix,MEDIUM,12.0,44.0,0,35.2,88.557
TSU,Abu Dhabi Grand Prix,MEDIUM,13.0,45.0,0,33.5,88.892
TSU,Abu Dhabi Grand Prix,MEDIUM,14.0,46.0,0,31.799999999999997,88.843
TSU,Abu Dhabi Grand Prix,MEDIUM,15.0,47.0,0,30.10000000000001,88.703
TSU,Abu Dhabi Grand Prix,MEDIUM,16.0,48.0,0,28.400000000000006,88.96
TSU,Abu Dhabi Grand Prix,MEDIUM,17.0,49.0,0,26.700000000000003,89.15
TSU,Abu Dhabi Grand Prix,MEDIUM,18.0,50.0,0,25.0,89.278
TSU,Abu Dhabi Grand Prix,MEDIUM,19.0,51.0,0,23.299999999999997,89.286
TSU,Abu Dhabi Grand Prix,MEDIUM,20.0,52.0,0,21.60000000000001,89.978
TSU,Abu Dhabi Grand Prix,MEDIUM,21.0,53.0,0,19.900000000000006,89.612
TSU,Abu Dhabi Grand Prix,MEDIUM,22.0,54.0,0,18.200000000000003,89.474
TSU,Abu Dhabi Grand Prix,MEDIUM,23.0,55.0,0,16.5,90.24
TSU,Abu Dhabi Grand Prix,MEDIUM,24.0,56.0,0,14.799999999999997,90.003
TSU,Abu Dhabi Grand Prix,MEDIUM,25.0,57.0,0,13.100000000000009,89.695
TSU,Abu Dhabi Grand Prix,MEDIUM,26.0,58.0,0,11.400000000000006,89.566
ANT,Abu Dhabi Grand Prix,HARD,2.0,2.0,0,106.6,91.715
ANT,Abu Dhabi Grand Prix,HARD,3.0,3.0,0,104.9,90.492
ANT,Abu Dhabi Grand Prix,HARD,4.0,4.0,0,103.2,90.524
ANT,Abu Dhabi Grand Prix,HARD,5.0,5.0,0,101.5,90.707
ANT,Abu Dhabi Grand Prix,HARD,6.0,6.0,0,99.8,90.26
ANT,Abu Dhabi Grand Prix,HARD,7.0,7.0,0,98.1,90.308
ANT,Abu Dhabi Grand Prix,HARD,8.0,8.0,0,96.4,90.441
ANT,Abu Dhabi Grand Prix,HARD,9.0,9.0,0,94.7,90.028
ANT,Abu Dhabi Grand Prix,HARD,10.0,10.0,0,93.0,90.088
ANT,Abu Dhabi Grand Prix,HARD,11.0,11.0,0,91.3,90.655
ANT,Abu Dhabi Grand Prix,HARD,12.0,12.0,0,89.6,91.066
ANT,Abu Dhabi Grand Prix,HARD,13.0,13.0,0,87.9,90.976
ANT,Abu Dhabi Grand Prix,HARD,14.0,14.0,0,86.2,91.109
ANT,Abu Dhabi Grand Prix,HARD,15.0,15.0,0,84.5,90.93
ANT,Abu Dhabi Grand Prix,HARD,16.0,16.0,0,82.8,91.12
ANT,Abu Dhabi Grand Prix,HARD,17.0,17.0,0,81.1,91.12
ANT,Abu Dhabi Grand Prix,HARD,18.0,18.0,0,79.4,91.805
ANT,Abu Dhabi Grand Prix,HARD,19.0,19.0,0,77.7,91.119
ANT,Abu Dhabi Grand Prix,HARD,20.0,20.0,0,76.0,91.744
ANT,Abu Dhabi Grand Prix,HARD,21.0,21.0,0,74.30000000000001,91.807
ANT,Abu Dhabi Grand Prix,HARD,22.0,22.0,0,72.6,90.518
ANT,Abu Dhabi Grand Prix,HARD,23.0,23.0,0,70.9,90.129
ANT,Abu Dhabi Grand Prix,HARD,24.0,24.0,0,69.2,91.287
ANT,Abu Dhabi Grand Prix,HARD,25.0,25.0,0,67.5,90.2
ANT,Abu Dhabi Grand Prix,HARD,26.0,26.0,0,65.80000000000001,89.821
ANT,Abu Dhabi Grand Prix,HARD,27.0,27.0,0,64.1,91.272
ANT,Abu Dhabi Grand Prix,HARD,28.0,28.0,0,62.4,90.684
ANT,Abu Dhabi Grand Prix,HARD,29.0,29.0,0,60.7,90.334
ANT,Abu Dhabi Grand Prix,HARD,30.0,30.0,0,59.0,91.188
ANT,Abu Dhabi Grand Prix,HARD,31.0,31.0,0,57.300000000000004,91.017
ANT,Abu Dhabi Grand Prix,MEDIUM,2.0,34.0,0,52.2,88.029
ANT,Abu Dhabi Grand Prix,MEDIUM,3.0,35.0,0,50.5,88.319
ANT,Abu Dhabi Grand Prix,MEDIUM,4.0,36.0,0,48.800000000000004,88.185
ANT,Abu Dhabi Grand Prix,MEDIUM,5.0,37.0,0,47.1,88.677
ANT,Abu Dhabi Grand Prix,MEDIUM,6.0,38.0,0,45.400000000000006,88.959
ANT,Abu Dhabi Grand Prix,MEDIUM,7.0,39.0,0,43.7,89.347
ANT,Abu Dhabi Grand Prix,MEDIUM,8.0,40.0,0,42.0,89.261
ANT,Abu Dhabi Grand Prix,MEDIUM,9.0,41.0,0,40.3,88.13
ANT,Abu Dhabi Grand Prix,MEDIUM,10.0,42.0,0,38.60000000000001,88.174
ANT,Abu Dhabi Grand Prix,MEDIUM,11.0,43.0,0,36.900000000000006,88.398
ANT,Abu Dhabi Grand Prix,MEDIUM,12.0,44.0,0,35.2,88.503
ANT,Abu Dhabi Grand Prix,MEDIUM,13.0,45.0,0,33.5,89.001
ANT,Abu Dhabi Grand Prix,MEDIUM,14.0,46.0,0,31.799999999999997,88.883
ANT,Abu Dhabi Grand Prix,MEDIUM,15.0,47.0,0,30.10000000000001,88.104
ANT,Abu Dhabi Grand Prix,MEDIUM,16.0,48.0,0,28.400000000000006,88.89
ANT,Abu Dhabi Grand Prix,MEDIUM,17.0,49.0,0,26.700000000000003,88.862
ANT,Abu Dhabi Grand Prix,MEDIUM,18.0,50.0,0,25.0,88.865
ANT,Abu Dhabi Grand Prix,MEDIUM,19.0,51.0,0,23.299999999999997,89.698
ANT,Abu Dhabi Grand Prix,MEDIUM,20.0,52.0,0,21.60000000000001,88.866
ANT,Abu Dhabi Grand Prix,MEDIUM,21.0,53.0,0,19.900000000000006,89.395
ANT,Abu Dhabi Grand Prix,MEDIUM,22.0,54.0,0,18.200000000000003,90.005
ANT,Abu Dhabi Grand Prix,MEDIUM,23.0,55.0,0,16.5,89.512
ANT,Abu Dhabi Grand Prix,MEDIUM,24.0,56.0,0,14.799999999999997,89.734
ANT,Abu Dhabi Grand Prix,MEDIUM,25.0,57.0,0,13.100000000000009,89.712
ANT,Abu Dhabi Grand Prix,MEDIUM,26.0,58.0,0,11.400000000000006,89.63
ALB,Abu Dhabi Grand Prix,SOFT,2.0,2.0,0,106.6,91.71
ALB,Abu Dhabi Grand Prix,SOFT,3.0,3.0,0,104.9,90.224
ALB,Abu Dhabi Grand Prix,SOFT,4.0,4.0,0,103.2,90.874
ALB,Abu Dhabi Grand Prix,SOFT,5.0,5.0,0,101.5,90.314
ALB,Abu Dhabi Grand Prix,SOFT,6.0,6.0,0,99.8,90.223
ALB,Abu Dhabi Grand Prix,SOFT,7.0,7.0,0,98.1,90.42
ALB,Abu Dhabi Grand Prix,SOFT,8.0,8.0,0,96.4,91.974
ALB,Abu Dhabi Grand Prix,HARD,2.0,10.0,0,93.0,89.374
ALB,Abu Dhabi Grand Prix,HARD,3.0,11.0,0,91.3,89.807
ALB,Abu Dhabi Grand Prix,HARD,4.0,12.0,0,89.6,89.46
ALB,Abu Dhabi Grand Prix,HARD,5.0,13.0,0,87.9,89.692
ALB,Abu Dhabi Grand Prix,HARD,6.0,14.0,0,86.2,89.793
ALB,Abu Dhabi Grand Prix,HARD,7.0,15.0,0,84.5,89.819
ALB,Abu Dhabi Grand Prix,HARD,8.0,16.0,0,82.8,89.907
ALB,Abu Dhabi Grand Prix,HARD,9.0,17.0,0,81.1,90.133
ALB,Abu Dhabi Grand Prix,HARD,10.0,18.0,0,79.4,89.987
ALB,Abu Dhabi Grand Prix,HARD,11.0,19.0,0,77.7,90.047
ALB,Abu Dhabi Grand Prix,HARD,12.0,20.0,0,76.0,90.109
ALB,Abu Dhabi Grand Prix,HARD,13.0,21.0,0,74.30000000000001,90.27
ALB,Abu Dhabi Grand Prix,HARD,14.0,22.0,0,72.6,90.298
ALB,Abu Dhabi Grand Prix,HARD,15.0,23.0,0,70.9,90.621
ALB,Abu Dhabi Grand Prix,HARD,16.0,24.0,0,69.2,90.388
ALB,Abu Dhabi Grand Prix,HARD,17.0,25.0,0,67.5,90.934
ALB,Abu Dhabi Grand Prix,HARD,18.0,26.0,0,65.80000000000001,90.294
ALB,Abu Dhabi Grand Prix,HARD,19.0,27.0,0,64.1,90.113
ALB,Abu Dhabi Grand Prix,HARD,20.0,28.0,0,62.4,91.014
ALB,Abu Dhabi Grand Prix,HARD,21.0,29.0,0,60.7,90.422
ALB,Abu Dhabi Grand Prix,HARD,22.0,30.0,0,59.0,90.215
ALB,Abu Dhabi Grand Prix,HARD,23.0,31.0,0,57.300000000000004,90.539
ALB,Abu Dhabi Grand Prix,HARD,24.0,32.0,0,55.6,90.485
ALB,Abu Dhabi Grand Prix,HARD,25.0,33.0,0,53.9,91.616
ALB,Abu Dhabi Grand Prix,MEDIUM,2.0,35.0,0,50.5,88.588
ALB,Abu Dhabi Grand Prix,MEDIUM,3.0,36.0,0,48.800000000000004,88.439
ALB,Abu Dhabi Grand Prix,MEDIUM,4.0,37.0,0,47.1,88.411
ALB,Abu Dhabi Grand Prix,MEDIUM,5.0,38.0,0,45.400000000000006,88.569
ALB,Abu Dhabi Grand Prix,MEDIUM,6.0,39.0,0,43.7,88.87
ALB,Abu Dhabi Grand Prix,MEDIUM,7.0,40.0,0,42.0,89.722
ALB,Abu Dhabi Grand Prix,MEDIUM,8.0,41.0,0,40.3,88.777
ALB,Abu Dhabi Grand Prix,MEDIUM,9.0,42.0,0,38.60000000000001,88.845
ALB,Abu Dhabi Grand Prix,MEDIUM,10.0,43.0,0,36.900000000000006,88.391
ALB,Abu Dhabi Grand Prix,MEDIUM,11.0,44.0,0,35.2,88.507
ALB,Abu Dhabi Grand Prix,MEDIUM,12.0,45.0,0,33.5,88.367
ALB,Abu Dhabi Grand Prix,MEDIUM,13.0,46.0,0,31.799999999999997,88.517
ALB,Abu Dhabi Grand Prix,MEDIUM,14.0,47.0,0,30.10000000000001,89.563
ALB,Abu Dhabi Grand Prix,MEDIUM,15.0,48.0,0,28.400000000000006,88.947
ALB,Abu Dhabi Grand Prix,MEDIUM,16.0,49.0,0,26.700000000000003,89.29
ALB,Abu Dhabi Grand Prix,MEDIUM,17.0,50.0,0,25.0,89.526
ALB,Abu Dhabi Grand Prix,MEDIUM,18.0,51.0,0,23.299999999999997,89.42
ALB,Abu Dhabi Grand Prix,MEDIUM,19.0,52.0,0,21.60000000000001,89.393
ALB,Abu Dhabi Grand Prix,MEDIUM,20.0,53.0,0,19.900000000000006,88.627
ALB,Abu Dhabi Grand Prix,MEDIUM,21.0,54.0,0,18.200000000000003,88.752
ALB,Abu Dhabi Grand Prix,MEDIUM,22.0,55.0,0,16.5,88.785
ALB,Abu Dhabi Grand Prix,MEDIUM,23.0,56.0,0,14.799999999999997,89.061
ALB,Abu Dhabi Grand Prix,MEDIUM,24.0,57.0,0,13.100000000000009,89.103
ALB,Abu Dhabi Grand Prix,MEDIUM,25.0,58.0,0,11.400000000000006,89.256
HAD,Abu Dhabi Grand Prix,MEDIUM,2.0,2.0,0,106.6,90.44
HAD,Abu Dhabi Grand Prix,MEDIUM,3.0,3.0,0,104.9,90.211
HAD,Abu Dhabi Grand Prix,MEDIUM,4.0,4.0,0,103.2,90.237
HAD,Abu Dhabi Grand Prix,MEDIUM,5.0,5.0,0,101.5,90.261
HAD,Abu Dhabi Grand Prix,MEDIUM,6.0,6.0,0,99.8,90.555
HAD,Abu Dhabi Grand Prix,MEDIUM,7.0,7.0,0,98.1,90.289
HAD,Abu Dhabi Grand Prix,MEDIUM,8.0,8.0,0,96.4,90.416
HAD,Abu Dhabi Grand Prix,MEDIUM,9.0,9.0,0,94.7,90.078
HAD,Abu Dhabi Grand Prix,MEDIUM,10.0,10.0,0,93.0,90.346
HAD,Abu Dhabi Grand Prix,MEDIUM,11.0,11.0,0,91.3,90.94
HAD,Abu Dhabi Grand Prix,MEDIUM,12.0,12.0,0,89.6,90.633
HAD,Abu Dhabi Grand Prix,MEDIUM,13.0,13.0,0,87.9,91.064
HAD,Abu Dhabi Grand Prix,MEDIUM,14.0,14.0,0,86.2,92.759
HAD,Abu Dhabi Grand Prix,HARD,2.0,16.0,0,82.8,89.839
HAD,Abu Dhabi Grand Prix,HARD,3.0,17.0,0,81.1,90.142
HAD,Abu Dhabi Grand Prix,HARD,4.0,18.0,0,79.4,89.869
HAD,Abu Dhabi Grand Prix,HARD,5.0,19.0,0,77.7,90.478
HAD,Abu Dhabi Grand Prix,HARD,6.0,20.0,0,76.0,90.028
HAD,Abu Dhabi Grand Prix,HARD,7.0,21.0,0,74.30000000000001,90.305
HAD,Abu Dhabi Grand Prix,HARD,8.0,22.0,0,72.6,89.788
HAD,Abu Dhabi Grand Prix,HARD,9.0,23.0,0,70.9,90.078
HAD,Abu Dhabi Grand Prix,HARD,10.0,24.0,0,69.2,90.621
HAD,Abu Dhabi Grand Prix,HARD,11.0,25.0,0,67.5,92.178
HAD,Abu Dhabi Grand Prix,HARD,12.0,26.0,0,65.80000000000001,89.989
HAD,Abu Dhabi Grand Prix,HARD,13.0,27.0,0,64.1,90.0
HAD,Abu Dhabi Grand Prix,HARD,14.0,28.0,0,62.4,89.879
HAD,Abu Dhabi Grand Prix,HARD,15.0,29.0,0,60.7,90.356
HAD,Abu Dhabi Grand Prix,HARD,16.0,30.0,0,59.0,90.232
HAD,Abu Dhabi Grand Prix,HARD,17.0,31.0,0,57.300000000000004,90.425
HAD,Abu Dhabi Grand Prix,HARD,18.0,32.0,0,55.6,91.414
HAD,Abu Dhabi Grand Prix,HARD,19.0,33.0,0,53.9,90.562
HAD,Abu Dhabi Grand Prix,HARD,20.0,34.0,0,52.2,90.485
HAD,Abu Dhabi Grand Prix,HARD,21.0,35.0,0,50.5,90.197
HAD,Abu Dhabi Grand Prix,HARD,22.0,36.0,0,48.800000000000004,89.623
HAD,Abu Dhabi Grand Prix,HARD,23.0,37.0,0,47.1,89.448
HAD,Abu Dhabi Grand Prix,HARD,24.0,38.0,0,45.400000000000006,90.562
HAD,Abu Dhabi Grand Prix,HARD,25.0,39.0,0,43.7,90.066
HAD,Abu Dhabi Grand Prix,HARD,26.0,40.0,0,42.0,89.879
HAD,Abu Dhabi Grand Prix,HARD,27.0,41.0,0,40.3,89.381
HAD,Abu Dhabi Grand Prix,HARD,28.0,42.0,0,38.60000000000001,89.515
HAD,Abu Dhabi Grand Prix,HARD,29.0,43.0,0,36.900000000000006,89.625
HAD,Abu Dhabi Grand Prix,HARD,30.0,44.0,0,35.2,90.447
HAD,Abu Dhabi Grand Prix,HARD,31.0,45.0,0,33.5,89.833
HAD,Abu Dhabi Grand Prix,HARD,32.0,46.0,0,31.799999999999997,89.415
HAD,Abu Dhabi Grand Prix,HARD,33.0,47.0,0,30.10000000000001,89.891
HAD,Abu Dhabi Grand Prix,HARD,34.0,48.0,0,28.400000000000006,89.57
HAD,Abu Dhabi Grand Prix,HARD,35.0,49.0,0,26.700000000000003,90.059
HAD,Abu Dhabi Grand Prix,HARD,36.0,50.0,0,25.0,89.522
HAD,Abu Dhabi Grand Prix,HARD,37.0,51.0,0,23.299999999999997,90.082
HAD,Abu Dhabi Grand Prix,HARD,38.0,52.0,0,21.60000000000001,89.375
HAD,Abu Dhabi Grand Prix,HARD,39.0,53.0,0,19.900000000000006,90.475
HAD,Abu Dhabi Grand Prix,HARD,40.0,54.0,0,18.200000000000003,89.999
HAD,Abu Dhabi Grand Prix,HARD,41.0,55.0,0,16.5,89.599
HAD,Abu Dhabi Grand Prix,HARD,42.0,56.0,0,14.799999999999997,89.451
HAD,Abu Dhabi Grand Prix,HARD,43.0,57.0,0,13.100000000000009,90.979
LAW,Abu Dhabi Grand Prix,MEDIUM,2.0,2.0,0,106.6,90.799
LAW,Abu Dhabi Grand Prix,MEDIUM,3.0,3.0,0,104.9,90.466
LAW,Abu Dhabi Grand Prix,MEDIUM,4.0,4.0,0,103.2,90.661
LAW,Abu Dhabi Grand Prix,MEDIUM,5.0,5.0,0,101.5,90.219
LAW,Abu Dhabi Grand Prix,MEDIUM,6.0,6.0,0,99.8,90.325
LAW,Abu Dhabi Grand Prix,MEDIUM,7.0,7.0,0,98.1,90.537
LAW,Abu Dhabi Grand Prix,MEDIUM,8.0,8.0,0,96.4,90.34
LAW,Abu Dhabi Grand Prix,MEDIUM,9.0,9.0,0,94.7,90.353
LAW,Abu Dhabi Grand Prix,MEDIUM,10.0,10.0,0,93.0,90.55
LAW,Abu Dhabi Grand Prix,MEDIUM,11.0,11.0,0,91.3,90.669
LAW,Abu Dhabi Grand Prix,MEDIUM,12.0,12.0,0,89.6,90.91
LAW,Abu Dhabi Grand Prix,MEDIUM,13.0,13.0,0,87.9,91.045
LAW,Abu Dhabi Grand Prix,MEDIUM,14.0,14.0,0,86.2,91.323
LAW,Abu Dhabi Grand Prix,MEDIUM,15.0,15.0,0,84.5,91.049
LAW,Abu Dhabi Grand Prix,MEDIUM,16.0,16.0,0,82.8,91.366
LAW,Abu Dhabi Grand Prix,MEDIUM,17.0,17.0,0,81.1,91.343
LAW,Abu Dhabi Grand Prix,MEDIUM,18.0,18.0,0,79.4,91.426
LAW,Abu Dhabi Grand Prix,MEDIUM,19.0,19.0,0,77.7,91.815
LAW,Abu Dhabi Grand Prix,MEDIUM,20.0,20.0,0,76.0,91.884
LAW,Abu Dhabi Grand Prix,HARD,2.0,23.0,0,70.9,89.826
LAW,Abu Dhabi Grand Prix,HARD,3.0,24.0,0,69.2,89.26
LAW,Abu Dhabi Grand Prix,HARD,4.0,25.0,0,67.5,89.498
LAW,Abu Dhabi Grand Prix,HARD,5.0,26.0,0,65.80000000000001,89.337
LAW,Abu Dhabi Grand Prix,HARD,6.0,27.0,0,64.1,89.501
LAW,Abu Dhabi Grand Prix,HARD,7.0,28.0,0,62.4,89.554
LAW,Abu Dhabi Grand Prix,HARD,8.0,29.0,0,60.7,89.665
LAW,Abu Dhabi Grand Prix,HARD,9.0,30.0,0,59.0,89.6
LAW,Abu Dhabi Grand Prix,HARD,10.0,31.0,0,57.300000000000004,89.416
LAW,Abu Dhabi Grand Prix,HARD,11.0,32.0,0,55.6,89.158
LAW,Abu Dhabi Grand Prix,HARD,12.0,33.0,0,53.9,89.444
LAW,Abu Dhabi Grand Prix,HARD,13.0,34.0,0,52.2,89.499
LAW,Abu Dhabi Grand Prix,HARD,14.0,35.0,0,50.5,89.26
LAW,Abu Dhabi Grand Prix,HARD,15.0,36.0,0,48.800000000000004,89.353
LAW,Abu Dhabi Grand Prix,HARD,16.0,37.0,0,47.1,89.616
LAW,Abu Dhabi Grand Prix,HARD,17.0,38.0,0,45.400000000000006,89.496
LAW,Abu Dhabi Grand Prix,HARD,18.0,39.0,0,43.7,88.886
LAW,Abu Dhabi Grand Prix,HARD,19.0,40.0,0,42.0,89.814
LAW,Abu Dhabi Grand Prix,HARD,20.0,41.0,0,40.3,90.032
LAW,Abu Dhabi Grand Prix,HARD,21.0,42.0,0,38.60000000000001,89.609
LAW,Abu Dhabi Grand Prix,HARD,22.0,43.0,0,36.900000000000006,90.371
LAW,Abu Dhabi Grand Prix,HARD,23.0,44.0,0,35.2,90.123
LAW,Abu Dhabi Grand Prix,HARD,24.0,45.0,0,33.5,89.762
LAW,Abu Dhabi Grand Prix,HARD,25.0,46.0,0,31.799999999999997,89.987
LAW,Abu Dhabi Grand Prix,HARD,26.0,47.0,0,30.10000000000001,88.99
LAW,Abu Dhabi Grand Prix,HARD,27.0,48.0,0,28.400000000000006,89.319
LAW,Abu Dhabi Grand Prix,HARD,28.0,49.0,0,26.700000000000003,89.009
LAW,Abu Dhabi Grand Prix,HARD,29.0,50.0,0,25.0,88.99
LAW,Abu Dhabi Grand Prix,HARD,30.0,51.0,0,23.299999999999997,89.008
LAW,Abu Dhabi Grand Prix,HARD,31.0,52.0,0,21.60000000000001,89.121
LAW,Abu Dhabi Grand Prix,HARD,32.0,53.0,0,19.900000000000006,92.152
LAW,Abu Dhabi Grand Prix,HARD,33.0,54.0,0,18.200000000000003,89.375
LAW,Abu Dhabi Grand Prix,HARD,34.0,55.0,0,16.5,89.206
LAW,Abu Dhabi Grand Prix,HARD,35.0,56.0,0,14.799999999999997,89.189
LAW,Abu Dhabi Grand Prix,HARD,36.0,57.0,0,13.100000000000009,89.022
GAS,Abu Dhabi Grand Prix,MEDIUM,2.0,2.0,0,106.6,92.01
GAS,Abu Dhabi Grand Prix,MEDIUM,3.0,3.0,0,104.9,90.864
GAS,Abu Dhabi Grand Prix,MEDIUM,4.0,4.0,0,103.2,90.669
GAS,Abu Dhabi Grand Prix,MEDIUM,5.0,5.0,0,101.5,90.908
GAS,Abu Dhabi Grand Prix,MEDIUM,6.0,6.0,0,99.8,90.891
GAS,Abu Dhabi Grand Prix,MEDIUM,7.0,7.0,0,98.1,90.537
GAS,Abu Dhabi Grand Prix,MEDIUM,8.0,8.0,0,96.4,90.612
GAS,Abu Dhabi Grand Prix,MEDIUM,9.0,9.0,0,94.7,90.4
GAS,Abu Dhabi Grand Prix,MEDIUM,10.0,10.0,0,93.0,90.586
GAS,Abu Dhabi Grand Prix,MEDIUM,11.0,11.0,0,91.3,91.135
GAS,Abu Dhabi Grand Prix,MEDIUM,12.0,12.0,0,89.6,91.79
GAS,Abu Dhabi Grand Prix,HARD,2.0,15.0,0,84.5,89.817
GAS,Abu Dhabi Grand Prix,HARD,3.0,16.0,0,82.8,89.571
GAS,Abu Dhabi Grand Prix,HARD,4.0,17.0,0,81.1,89.493
GAS,Abu Dhabi Grand Prix,HARD,5.0,18.0,0,79.4,89.487
GAS,Abu Dhabi Grand Prix,HARD,6.0,19.0,0,77.7,90.602
GAS,Abu Dhabi Grand Prix,HARD,7.0,20.0,0,76.0,89.911
GAS,Abu Dhabi Grand Prix,HARD,8.0,21.0,0,74.30000000000001,89.442
GAS,Abu Dhabi Grand Prix,HARD,9.0,22.0,0,72.6,89.69
GAS,Abu Dhabi Grand Prix,HARD,10.0,23.0,0,70.9,89.729
GAS,Abu Dhabi Grand Prix,HARD,11.0,24.0,0,69.2,89.747
GAS,Abu Dhabi Grand Prix,HARD,12.0,25.0,0,67.5,89.715
GAS,Abu Dhabi Grand Prix,HARD,13.0,26.0,0,65.80000000000001,89.855
GAS,Abu Dhabi Grand Prix,HARD,14.0,27.0,0,64.1,89.972
GAS,Abu Dhabi Grand Prix,HARD,15.0,28.0,0,62.4,89.971
GAS,Abu Dhabi Grand Prix,HARD,16.0,29.0,0,60.7,89.98
GAS,Abu Dhabi Grand Prix,HARD,17.0,30.0,0,59.0,89.955
GAS,Abu Dhabi Grand Prix,HARD,18.0,31.0,0,57.300000000000004,90.137
GAS,Abu Dhabi Grand Prix,HARD,19.0,32.0,0,55.6,90.018
GAS,Abu Dhabi Grand Prix,HARD,20.0,33.0,0,53.9,90.339
GAS,Abu Dhabi Grand Prix,HARD,21.0,34.0,0,52.2,90.137
GAS,Abu Dhabi Grand Prix,HARD,22.0,35.0,0,50.5,90.115
GAS,Abu Dhabi Grand Prix,HARD,23.0,36.0,0,48.800000000000004,90.592
GAS,Abu Dhabi Grand Prix,HARD,24.0,37.0,0,47.1,89.908
GAS,Abu Dhabi Grand Prix,HARD,25.0,38.0,0,45.400000000000006,90.193
GAS,Abu Dhabi Grand Prix,HARD,26.0,39.0,0,43.7,90.957
GAS,Abu Dhabi Grand Prix,HARD,27.0,40.0,0,42.0,91.907
GAS,Abu Dhabi Grand Prix,MEDIUM,5.0,42.0,0,38.60000000000001,88.765
GAS,Abu Dhabi Grand Prix,MEDIUM,6.0,43.0,0,36.900000000000006,88.051
GAS,Abu Dhabi Grand Prix,MEDIUM,7.0,44.0,0,35.2,88.166
GAS,Abu Dhabi Grand Prix,MEDIUM,8.0,45.0,0,33.5,88.047
GAS,Abu Dhabi Grand Prix,MEDIUM,9.0,46.0,0,31.799999999999997,87.767
GAS,Abu Dhabi Grand Prix,MEDIUM,10.0,47.0,0,30.10000000000001,88.143
GAS,Abu Dhabi Grand Prix,MEDIUM,11.0,48.0,0,28.400000000000006,88.048
GAS,Abu Dhabi Grand Prix,MEDIUM,12.0,49.0,0,26.700000000000003,88.4
GAS,Abu Dhabi Grand Prix,MEDIUM,13.0,50.0,0,25.0,87.992
GAS,Abu Dhabi Grand Prix,MEDIUM,14.0,51.0,0,23.299999999999997,88.364
GAS,Abu Dhabi Grand Prix,MEDIUM,15.0,52.0,0,21.60000000000001,88.428
GAS,Abu Dhabi Grand Prix,MEDIUM,16.0,53.0,0,19.900000000000006,88.72
GAS,Abu Dhabi Grand Prix,MEDIUM,17.0,54.0,0,18.200000000000003,89.511
GAS,Abu Dhabi Grand Prix,MEDIUM,18.0,55.0,0,16.5,89.233
GAS,Abu Dhabi Grand Prix,MEDIUM,19.0,56.0,0,14.799999999999997,89.483
GAS,Abu Dhabi Grand Prix,MEDIUM,20.0,57.0,0,13.100000000000009,88.908
COL,Abu Dhabi Grand Prix,MEDIUM,2.0,2.0,0,106.6,92.07
COL,Abu Dhabi Grand Prix,MEDIUM,3.0,3.0,0,104.9,91.303
COL,Abu Dhabi Grand Prix,MEDIUM,4.0,4.0,0,103.2,90.845
COL,Abu Dhabi Grand Prix,MEDIUM,5.0,5.0,0,101.5,90.99
COL,Abu Dhabi Grand Prix,MEDIUM,6.0,6.0,0,99.8,91.224
COL,Abu Dhabi Grand Prix,MEDIUM,7.0,7.0,0,98.1,90.61
COL,Abu Dhabi Grand Prix,MEDIUM,8.0,8.0,0,96.4,90.701
COL,Abu Dhabi Grand Prix,MEDIUM,9.0,9.0,0,94.7,90.551
COL,Abu Dhabi Grand Prix,MEDIUM,10.0,10.0,0,93.0,90.837
COL,Abu Dhabi Grand Prix,MEDIUM,11.0,11.0,0,91.3,90.884
COL,Abu Dhabi Grand Prix,MEDIUM,12.0,12.0,0,89.6,91.463
COL,Abu Dhabi Grand Prix,MEDIUM,13.0,13.0,0,87.9,91.563
COL,Abu Dhabi Grand Prix,MEDIUM,14.0,14.0,0,86.2,91.199
COL,Abu Dhabi Grand Prix,HARD,2.0,17.0,0,81.1,89.847
COL,Abu Dhabi Grand Prix,HARD,3.0,18.0,0,79.4,89.823
COL,Abu Dhabi Grand Prix,HARD,4.0,19.0,0,77.7,89.712
COL,Abu Dhabi Grand Prix,HARD,5.0,20.0,0,76.0,89.699
COL,Abu Dhabi Grand Prix,HARD,6.0,21.0,0,74.30000000000001,89.43
COL,Abu Dhabi Grand Prix,HARD,7.0,22.0,0,72.6,89.628
COL,Abu Dhabi Grand Prix,HARD,8.0,23.0,0,70.9,89.717
COL,Abu Dhabi Grand Prix,HARD,9.0,24.0,0,69.2,89.852
COL,Abu Dhabi Grand Prix,HARD,10.0,25.0,0,67.5,90.138
COL,Abu Dhabi Grand Prix,HARD,11.0,26.0,0,65.80000000000001,89.652
COL,Abu Dhabi Grand Prix,HARD,12.0,27.0,0,64.1,89.543
COL,Abu Dhabi Grand Prix,HARD,13.0,28.0,0,62.4,89.839
COL,Abu Dhabi Grand Prix,HARD,14.0,29.0,0,60.7,89.915
COL,Abu Dhabi Grand Prix,HARD,15.0,30.0,0,59.0,89.674
COL,Abu Dhabi Grand Prix,HARD,16.0,31.0,0,57.300000000000004,89.849
COL,Abu Dhabi Grand Prix,HARD,17.0,32.0,0,55.6,89.841
COL,Abu Dhabi Grand Prix,HARD,18.0,33.0,0,53.9,90.053
COL,Abu Dhabi Grand Prix,HARD,19.0,34.0,0,52.2,90.07
COL,Abu Dhabi Grand Prix,HARD,20.0,35.0,0,50.5,90.63
COL,Abu Dhabi Grand Prix,HARD,21.0,36.0,0,48.800000000000004,90.233
COL,Abu Dhabi Grand Prix,HARD,22.0,37.0,0,47.1,90.862
COL,Abu Dhabi Grand Prix,HARD,23.0,38.0,0,45.400000000000006,90.74
COL,Abu Dhabi Grand Prix,HARD,24.0,39.0,0,43.7,92.596
COL,Abu Dhabi Grand Prix,MEDIUM,2.0,42.0,0,38.60000000000001,87.71
COL,Abu Dhabi Grand Prix,MEDIUM,3.0,43.0,0,36.900000000000006,88.075
COL,Abu Dhabi Grand Prix,MEDIUM,4.0,44.0,0,35.2,88.449
COL,Abu Dhabi Grand Prix,MEDIUM,5.0,45.0,0,33.5,88.464
COL,Abu Dhabi Grand Prix,MEDIUM,6.0,46.0,0,31.799999999999997,88.307
COL,Abu Dhabi Grand Prix,MEDIUM,7.0,47.0,0,30.10000000000001,88.103
COL,Abu Dhabi Grand Prix,MEDIUM,8.0,48.0,0,28.400000000000006,88.022
COL,Abu Dhabi Grand Prix,MEDIUM,9.0,49.0,0,26.700000000000003,88.383
COL,Abu Dhabi Grand Prix,MEDIUM,10.0,50.0,0,25.0,88.494
COL,Abu Dhabi Grand Prix,MEDIUM,11.0,51.0,0,23.299999999999997,88.531
COL,Abu Dhabi Grand Prix,MEDIUM,12.0,52.0,0,21.60000000000001,88.579
COL,Abu Dhabi Grand Prix,MEDIUM,13.0,53.0,0,19.900000000000006,88.723
COL,Abu Dhabi Grand Prix,MEDIUM,14.0,54.0,0,18.200000000000003,88.68
COL,Abu Dhabi Grand Prix,MEDIUM,15.0,55.0,0,16.5,88.57
COL,Abu Dhabi Grand Prix,MEDIUM,16.0,56.0,0,14.799999999999997,88.94
COL,Abu Dhabi Grand Prix,MEDIUM,17.0,57.0,0,13.100000000000009,90.714
